kind,id,heading,paragraph_no,item_no,text,keywords,notes
規約,1,（目的）,,,この規約は、プレサンス ロジェ  岐阜 長良橋通りの管理又は使用に関する事項等につい て定めることにより、区分所有者の共同の利益を増進し、良好な住環境を確保することを目的とする。,,
規約,2,（定義）,1項,,この規約において、次に掲げる用語の意義は、それぞれ当該各号に定めるところによる。,,
規約,2,（定義）,1項,一,区分所有権 建物の区分所有等に関する法律（昭和３７年法律第６９号。以下「区分所有法」という。）第２条第１項の区分所有権をいう。,,
規約,2,（定義）,1項,二,区分所有者 区分所有法第２条第２項の区分所有者をいう。,,
規約,2,（定義）,1項,三,占 有 者 区分所有法第６条第３項の占有者をいう。,,
規約,2,（定義）,1項,四,専有部 分 区分所有法第２条第３項の専有部分をいう。,,
規約,2,（定義）,1項,五,共用部 分 区分所有法第２条第４項の共用部分をいう。,,
規約,2,（定義）,1項,六,敷 地  区分所有法第２条第５項の建物の敷地をいう。,,
規約,2,（定義）,1項,七,共用部分等 共用部分及び附属施設をいう。,,
規約,2,（定義）,1項,八,専用使用権 敷地及び共用部分等の一部について、特定の区分所有者が排他的に使用できる権利をいう。,,
規約,2,（定義）,1項,九,専用使用部分  専用使用権の対象となっている敷地及び共用部分等の部分をいう 。,,
規約,3,（規約及び総会の決議の遵守義務 ）,1項,,区分所有者は、円滑な共同生活を維持するため、この規約及び総会の決議を誠実に遵守しなければならない。,,
規約,3,（規約及び総会の決議の遵守義務 ）,2項,,区分所有者は、同居する者に対してこの規約及び総会の決議を遵守させなければならない。,,
規約,4,（対象物件の範囲 ）,,,この規約の対象となる物件の範囲は、別表第１に記載された敷地、建物及び附属施設（以下「対象物件」という。）とする。,,
規約,5,（規約及び総会の決議の効力 ）,1項,,この規約及び総会の決議は、区分所有者の包括承継人及び特定承継人に対しても、その効力を有する。,,
規約,5,（規約及び総会の決議の効力 ）,2項,,占有者は、対象物件の使用方法につき、区分所有者がこの規約及び総会の決議に基づいて負う義務と同一の義務を負う。,,
規約,6,（管理組合 法人）,1項,,区分所有者は、区分所有法第３条に定める建物並びにその敷地及び附属施設の管理を行うための団体として、第１条に定める目的を達成するため、区分所有者全員をもってプレサンス ロジェ  岐阜 長良橋通り管理組合法人 （以下「管理組合」という。）を構成する。,,
規約,6,（管理組合 法人）,2項,,管理組合法人 は、事務所をプレサンスロジェ長良橋通り（岐阜市神田町４丁目１６番地）内の管理事務室 に置く。,,
規約,7,（専有部分の範囲 ）,1項,,対象物件のうち区分所有権の対象となる専有部分は、住戸番号を付した住戸とする。,,
規約,7,（専有部分の範囲 ）,2項,,前項の専有部分を他から区分する構造物の帰属については、次のとおりとする。,,
規約,7,（専有部分の範囲 ）,2項,一,天井、床及び壁は、躯体部分を除く部分を専有部分とする。,,
規約,7,（専有部分の範囲 ）,2項,二,玄関扉は、電気錠及び内部仕上げ部分を専有部分とする。,,
規約,7,（専有部分の範囲 ）,2項,三,電気錠（補助錠含む）及び内部仕上げ部分を除く玄関扉、玄関扉枠、門扉、窓枠、窓ガラス、網戸（プリーツ網戸を除く）、可動式ルーバー面格子及び侵入防止柵は、専有部分に含まれないものとする。,,
規約,7,（専有部分の範囲 ）,2項,四,給水設備については、各戸のメーターを除いた住戸側の設備を専有部分とする。,,
規約,7,（専有部分の範囲 ）,2項,五,排水設備については、住戸側から共用竪管に至るまでの配管を専有部分とする。,,
規約,7,（専有部分の範囲 ）,2項,六,電気設備については、各戸のメーターを除いた住戸側の設備を専有部分とする。,,
規約,7,（専有部分の範囲 ）,2項,七,ガス設備については、各戸のメーターを除いた住戸側の設備を専有部分とする。,,
規約,7,（専有部分の範囲 ）,2項,八,消防設備については、共用消防設備と一体となっていない住戸側の設備を専有部分とする。,"消防, 火災, 防火",
規約,7,（専有部分の範囲 ）,2項,九,住戸インターホン設備については、玄関子機より親機に至るまでの設備を専有部分とする。,,
規約,7,（専有部分の範囲 ）,3項,,第１項又は前項の専有部分の専用に供される設備のうち共用部分内にある部分以外のものは、専有部分とする。,,
規約,8,（共用部分の範囲 ）,,,対象物件のうち共用部分の範囲は、別表第２に掲げるとおりとする。,,
規約,9,（共有）,,,対象物件のうち敷地及び共用部分等は、区分所有者の共有とする。,,
規約,10,（共有持分 ）,1項,,各区分所有者の敷地及び共用部分等の共有持分は、区分所有者全員が取得する専有部分の総床面積に対して、各区分所有者が取得する専有部分の床面積の割合によるものとし、別表第４に掲げるとおりとする。,,
規約,10,（共有持分 ）,2項,,前項の床面積は、壁心計算（界壁の中心線で囲まれた部分の水平投影面積をいう。）によるものとする。,,
規約,11,（分割請求及び単独処分の禁止 ）,1項,,区分所有者は、敷地又は共用部分等の分割を請求することはできない。,,
規約,11,（分割請求及び単独処分の禁止 ）,2項,,区分所有者は、専有部分と敷地及び共用部分等の共有持分とを分離して譲渡、抵当権の設定等の処分をしてはならない。,,
規約,12,（専有部分の用途及び利用の制限 ）,1項,,区分所有者は、その専有部分を住宅又はホームオフィス（住居兼事務所）として使用するものとし、他の用途に供してはならない。,"ホームオフィス, 事務所利用, 在宅勤務",
規約,12,（専有部分の用途及び利用の制限 ）,2項,,区分所有者は、その専有部分を住宅宿泊事業法第３条第１項の届出を行って営む同法第２条第３項の住宅宿泊事業に使用してはならない。,,
規約,12,（専有部分の用途及び利用の制限 ）,3項,,区分所有者は、旅館業法に定める旅館業、国家戦略特別区域法第１３条第１項の特定認定を受けて行う国家戦略特別区域外国人滞在施設経営事業（民泊）、建築基準法に定める寄宿舎・シェアハウスのほか、不特定多数の宿泊・滞在を目的とした宿泊施設として利用する目的で、その専有部分を使用してはならない。,,
規約,12,（専有部分の用途及び利用の制限 ）,4項,,区分所有者は、その専有部分について、住居兼事務所（以下「ホームオフィス」という。）としての使用を行おうとするときは、あらかじめ、理事長（第３７条に定める理事長をいう。以下同じ。）にその旨を申請し、書面による承認を受けなければならない。また、使用に関してはホームオフィス使用細則を遵守するものとする。ただし、虚偽の届出をした場合は無効となり、ホームオフィスとして使用できないものとする。,"ホームオフィス, 事務所利用, 使用細則, 在宅勤務",
規約,13,（敷地及び共用部分等の用法 ）,,,区分所有者は、敷地及び共用部分等をそれぞれの通常の用法に従って使用しなければならない。,,
規約,14,（バルコニー等の専用使用権 ）,1項,,区分所有者は、別表第３に掲げるバルコニー、サービスバルコニー、玄関扉、窓枠、窓ガラス及びメーターボックス等（以下「バルコニー等」という。）について、同表に掲げるとおり、専用使用権を有することを承認する。,"バルコニー, ベランダ, 専用庭",
規約,14,（バルコニー等の専用使用権 ）,2項,,区分所有者は、バルコニー等に改造又は変更を施してはならない。,"バルコニー, ベランダ, 専用庭",
規約,14,（バルコニー等の専用使用権 ）,3項,,区分所有者は、バルコニー等に建造物、建築物等の設置並びに空調機用室外機以外の重量物の搬入を行ってはならない。,"バルコニー, ベランダ, 専用庭",
規約,14,（バルコニー等の専用使用権 ）,4項,,区分所有者から専有部分の貸与を受けた者は、その区分所有者が専用使用権を有しているバルコニー等を使用することができる。,"バルコニー, ベランダ, 専用庭",
規約,15,（駐車場の使用 ）,1項,,管理組合は、駐車場について、特定の区分所有者に駐車場使用契約により使用させることができる。,"自動車, 車, 駐車場",
規約,15,（駐車場の使用 ）,2項,,前項により駐車場を使用している者は、別に定めるところにより、管理組合に駐車場使用料を納入しなければならない。,"自動車, 車, 駐車場",
規約,15,（駐車場の使用 ）,3項,,駐車場は、別に定める使用細則に従って使用しなければならない。,"使用細則, 自動車, 車, 駐車場",
規約,15,（駐車場の使用 ）,4項,,区分所有者がその所有する専有部分を、他の区分所有者又は第三者に譲渡又は貸与したときは、その区分所有者の駐車場使用契約は効力を失う。ただし、この場合において、譲受人が区分所有者と同居する者であるときは、区分所有者はその駐車場使用契約の地位を譲受人に承継することができる。,"自動車, 車, 駐車場",
規約,16,（駐輪場の使用 ）,1項,,管理組合は、駐輪場について、特定の区分所有者及び占有者に、駐輪場使用申込により、自転車置場を自転車の置場として、バイク置場をバイクの置場として、ミニバイク置場をミニバイク置場として使用させることができる。,"バイク, 自転車, 自転車置場, 駐輪場",
規約,16,（駐輪場の使用 ）,2項,,前項により駐輪場を使用している者は、別に定めるところにより、管理組合に自転車置場使用料、バイク置場、ミニバイク置場使用料を納入しなければならない。,"バイク, 自転車, 自転車置場, 駐輪場",
規約,16,（駐輪場の使用 ）,3項,,駐輪場は、別に定める使用細則に従って使用しなければならない。,"使用細則, 自転車, 自転車置場, 駐輪場",
規約,16,（駐輪場の使用 ）,4項,,区分所有者がその所有する専有部分を、他の区分所有者又は第三者に譲渡又は貸与したときは、その区分所有者は駐輪場使用権を失う。また、占有者は、賃貸借契約を解除したとき、駐輪場使用権を失う。,"自転車, 自転車置場, 駐輪場",
規約,17,（敷地及び共用部分等の第三者の使用 ）,1項,,管理組合は、次に掲げる敷地及び共用部分等の一部を、それぞれ当該各号に掲げる者に使用させることができる。,,
規約,17,（敷地及び共用部分等の第三者の使用 ）,1項,一,管理事務室、管理用トイレ、その他対象物件の管理の執行上必要な施設管理事務（マンションの管理の適正化の推進に関する法律（平成１２年法律第１４９号。以下「適正化法」という。）第２条第六号の「管理事務」をいう。） を受託し、又は請け負った者,,
規約,17,（敷地及び共用部分等の第三者の使用 ）,2項,,前項に掲げるもののほか、管理組合は、総会の決議を経て、敷地及び共用部分等（駐車場及び専用使用部分を除く。）の一部について、第三者に使用させることができる。,"自動車, 車, 駐車場",
規約,18,（専有部分の修繕等 ）,1項,,区分所有者は、その専有部分について、修繕、模様替え（床仕上材の変更を含む。）又は建物に定着する物件の取付け若しくは取替え（以下「修繕等」という。）であって共用部分又は他の専有部分に影響を与えるおそれのあるものを行おうとするときは、予め、理事長にその旨を申請し、書面による承認を受けなければならない。なお、区分所有者は建築基準法をはじめ関係法令に違反する修繕等の工事を行うことはできず、この場合、理事長は、申請を不承認とすることができる。,,
規約,18,（専有部分の修繕等 ）,2項,,前項の場合において、区分所有者は、設計図、仕様書及び工程表その他理事長が指定する書面を添付した所定の申請書を理事長に提出しなければならない。,,
規約,18,（専有部分の修繕等 ）,3項,,理事長は、第１項の規定による申請につき承認しようとするとき、又は不承認とするときは、理事会（第５５条に定める理事会をいう。以下同じ。）の決議を得なければならない。,,
規約,18,（専有部分の修繕等 ）,4項,,第１項の承認があったときは、区分所有者は、承認の範囲内において、専有部分の修繕等に係る共用部分の工事を行うことができる。,,
規約,18,（専有部分の修繕等 ）,5項,,理事長又はその指定を受けた者は、本条の施行に必要な範囲内において、修繕等の箇所に立入り、必要な調査を行うことができる。この場合において、区分所有者は、正当な理由がなければこれを拒否してはならない。,,
規約,18,（専有部分の修繕等 ）,6項,,第１項の承認を受けた修繕等の工事後に、当該工事により共用部分又は他の専有部分に影響が生じた場合は、当該工事を発注した区分所有者の責任と負担により必要な措置をとらなければならない。,,
規約,18,（専有部分の修繕等 ）,7項,,区分所有者は、第１項の承認を要しない修繕等のうち、工事業者の立入り、工事の資機材の搬入、工事の騒音、振動、臭気等工事の実施中における共用部分又は他の専有部分への影響について管理組合が事前に把握する必要があるものを行おうとするときは、あらかじめ、理事長にその旨を届け出なければならない。,"生活音, 苦情, 騒音",
規約,19,（使用細則 ）,,,対象物件の使用については、別に使用細則を定めるものとする。,使用細則,
規約,20,（専有部分の貸与 ）,1項,,区分所有者は、その専有部分を第三者に貸与する場合には、この規約及び使用細則に定める事項をその第三者に遵守させなければならない。,使用細則,
規約,20,（専有部分の貸与 ）,2項,,前項の場合において、区分所有者は、その貸与に係る契約にこの規約及び使用細則に定める事項を遵守する旨を誓約させた「第三者使用に関する届出及び誓約書」（別記様式３）を管理組合に提出しなければならない。,使用細則,
規約,20,（専有部分の貸与 ）,3項,,賃貸人の違背行為により管理組合が被った損害については、区分所有者は賃貸人と連帯してその賠償責任を負うものとする。,,
規約,20,（専有部分の貸与 ）,4項,,区分所有者は、賃借人及び賃貸人の行為が次の各号のいずれかに該当するときは、区分所有者が何らの催告を要せず貸与に係る契約を解除することができる旨及び賃借人は賃借住戸を直ちに区分所有者に明け渡さなければならない旨を定めた貸与に係る契約書を取り交わさなければならない。,,
規約,20,（専有部分の貸与 ）,4項,一,暴力団構成員等であることが判明したとき,,
規約,20,（専有部分の貸与 ）,4項,二,対象物件の共用部分及び附属施設等に、暴力団等の組織、名称、活動等に関する看板、名札、写真、絵画、提灯、大紋、その他これに類する物品を掲示若しくは搬入したとき,,
規約,20,（専有部分の貸与 ）,4項,三,対象物件内に暴力団構成員及び暴力団準構成員等を居住させ、又はこれらの者を反復継続して出入させたとき,,
規約,20,（専有部分の貸与 ）,4項,四,対象物件の共用部分及びその他対象物件に近接する場所において、暴行、傷害、恐喝、器物損壊、不法監禁、凶器準備集合、賭博、ノミ行為、覚せい剤、けん銃、火薬類等に関する犯罪行為をしたとき、また関係者がこのような犯罪行為をしたとき,,
規約,20,（専有部分の貸与 ）,4項,五,対象物件の共用部分及びその他対象物件に近接する場所において、暴力団等の威力を背景にして粗野又は乱暴な言動をもって、管理者、入居者及びその関係者等に、迷惑をかけたり、不安感を与えたり、不快感を抱かせるなどの精神的苦痛を与える行為をしたとき、また関係者がこのような行為をしたとき第１節 総則,,
規約,21,（区分所有者の責務 ）,,,区分所有者は、対象物件について、その価値及び機能の維持増進を図るため、常に適正な管理を行うよう努めなければならない。,,
規約,22,（敷地及び共用部分等の管理 ）,1項,,敷地及び共用部分等の管理については、管理組合がその責任と負担においてこれを行うものとする。ただし、バルコニー等の保存行為（区分所有法第１８条第１項ただし書の「保存行為」をいう。以下同じ。）のうち、通常の使用に伴うものについては、専用使用権を有する者がその責任と負担においてこれを行わなければならない。,"バルコニー, ベランダ, 専用庭",
規約,22,（敷地及び共用部分等の管理 ）,2項,,専有部分である設備のうち共用部分と構造上一体となった部分の管理を共用部分の管理と一体として行う必要があるときは、管理組合がこれを行うことができる。,,
規約,22,（敷地及び共用部分等の管理 ）,3項,,区分所有者は、第１項ただし書の場合又はあらかじめ理事長に申請して書面による承認を受けた場合を除き、敷地及び共用部分等の保存行為を行うことができない。ただし、専有部分の使用に支障が生じている場合に、当該専有部分を所有する区分所有者が行う保存行為の実施が、緊急を要するものであるときは、この限りでない。,,
規約,22,（敷地及び共用部分等の管理 ）,4項,,前項の申請及び承認の手続については、第１８条第２項、第３項、第５項及び第６項の規定を準用する。ただし、同条第５項中「修繕等」とあるのは「保存行為」と、同条第６項中「第１項の承認を受けた修繕等の工事後に、当該工事」とあるのは「第２２条第３項の承認を受けた保存行為後に、当該保存行為」と読み替えるものとする。,,
規約,22,（敷地及び共用部分等の管理 ）,5項,,第３項の規定に違反して保存行為を行った場合には、当該保存行為に要した費用は、当該保存行為を行った区分所有者が負担する。,,
規約,22,（敷地及び共用部分等の管理 ）,6項,,理事長は、災害等の緊急時においては、総会又は理事会の決議によらずに、敷地及び共用部分等の必要な保存行為を行うことができる。,,
規約,23,（窓ガラス等の改良 ）,1項,,共用部分のうち各住戸に附属する窓枠、窓ガラス、玄関扉その他の開口部に係る改良工事であって、防犯、防音又は断熱等の住宅の性能の向上等に資するものについては、管理組合がその責任と負担において、計画修繕としてこれを実施するものとする。,,
規約,23,（窓ガラス等の改良 ）,2項,,区分所有者は、管理組合が前項の工事を速やかに実施できない場合には、あらかじめ理事長に申請して書面による承認を受けることにより、当該工事を当該区分所有者の責任と負担において実施することができる。,,
規約,23,（窓ガラス等の改良 ）,3項,,前項の申請及び承認の手続については、第１８条第２項、第３項、第５項及び第６項の規定を準用する。ただし、同条第５項中「修繕等」とあるのは「第２３条第２項の工事」と、同条第６項中「第１項の承認を受けた修繕等の工事」とあるのは「第２３条第２項の承認を受けた工事」と読み替えるものとする。,,
規約,24,（必要箇所への立入り ）,1項,,前２条により管理を行う者は、管理を行うために必要な範囲内において、他の者が管理する専有部分又は専用使用部分への立入りを請求することができる。,,
規約,24,（必要箇所への立入り ）,2項,,前項により立入りを請求された者は、正当な理由がなければこれを拒否してはならない。,,
規約,24,（必要箇所への立入り ）,3項,,前項の場合において、正当な理由なく立入りを拒否した者は、その結果生じた損害を賠償しなければならない。,,
規約,24,（必要箇所への立入り ）,4項,,前３項の規定にかかわらず、理事長は、災害、事故等が発生した場合であって、緊急に立ち入らないと共用部分等又は他の専有部分に対して物理的に又は機能上重大な影響を与えるおそれがあるときは、専有部分又は専用使用部分に自ら立ち入り、又は委任した者に立ち入らせることができる。,,
規約,24,（必要箇所への立入り ）,5項,,立入りをした者は、速やかに立入りをした箇所を原状に復さなければならない。,,
規約,25,（損害保険 ）,1項,,区分所有者は、共用部分等に関し、管理組合が火災保険、地震保険その他の損害保険並びに施設賠償保険及び個人賠償責任保険の契約を締結することを承認する。,"消防, 火災, 防火",
規約,25,（損害保険 ）,2項,,理事長は、前項の契約に基づく保険金の請求及び受領について、区分所有者を代理する。,,
規約,25,（損害保険 ）,3項,,受領した保険金は、事故により共用部分等に生じた損傷個所の修復に要する費用に充当するものとする。第２節 費用の負担,,
規約,26,（管理費等 ）,1項,,区分所有者は、敷地及び共用部分等の管理に要する経費に充てるため、次の費用（ 以下 「管理費等」という。）を管理組合に納入しなければならない。,"管理費, 費用負担",
規約,26,（管理費等 ）,1項,一,管理費,"管理費, 費用負担",
規約,26,（管理費等 ）,1項,二,修繕積立金,"修繕積立金, 管理費, 費用負担, 長期修繕",
規約,26,（管理費等 ）,2項,,管理費等の額については、第１０条に定める各区分所有者の共有持分に応じて算出するものとする。,"管理費, 費用負担",
規約,27,（承継人に対する債権の行使 ）,1項,,管理費等及び管理組合が立て替えて支払いをした専有部分の水道その他の使用料について有する債権は、区分所有者の包括承継人及び特定承継人に対しても行うことができる。,"管理費, 費用負担",
規約,27,（承継人に対する債権の行使 ）,2項,,第６５条第２項に定める遅延損害金及び支払督促費用及び第６６条第２項に定める負担金について管理組合が有する債権についても、同様とする。,,
規約,28,（管理費 ）,1項,,管理費は、次の各号に掲げる通常の管理に要する経費に充当する。,"管理費, 費用負担",
規約,28,（管理費 ）,1項,一,管理委託費 （派遣要員の人件費、事務管理費等）,"管理費, 費用負担",
規約,28,（管理費 ）,1項,二,公租公課  並びに共用部分に係る電気代、水道代,"管理費, 費用負担",
規約,28,（管理費 ）,1項,三,共用設備の保守維持費及び運転費,"管理費, 費用負担",
規約,28,（管理費 ）,1項,四,備品費、通信費その他の事務費,"管理費, 費用負担",
規約,28,（管理費 ）,1項,五,共用部分等に係る火災保険料、地震保険料その他の損害保険料及び管理組合が付保する専有部分に係る個人賠償責任保険料,"消防, 火災, 管理費, 費用負担, 防火",
規約,28,（管理費 ）,1項,六,経常的な修繕費,"管理費, 費用負担",
規約,28,（管理費 ）,1項,七,清掃費、消毒費及びゴミ処理費,"ゴミ, 廃棄物, 管理費, 粗大ゴミ, 費用負担",
規約,28,（管理費 ）,1項,八,専門的知識を有する者の活用に要する費用,"管理費, 費用負担",
規約,28,（管理費 ）,1項,九,地域コミュニティにも配慮した居住者間のコミュニティ形成に要する費用十 管理組合の運営に要する費用十一 その他第３４条に定める業務に要する費用（次条に規定する経費を除く。 ）,"管理費, 費用負担",
規約,29,（修繕積立金 ）,1項,,管理組合は、各区分所有者が納入する修繕積立金を積み立てるものとし、積み立てた修繕積立金は、次の各号に掲げる特別の管理に要する経費に充当する場合に限って取り崩すことができる。,"修繕積立金, 長期修繕",
規約,29,（修繕積立金 ）,1項,一,一定年数の経過ごとに計画的に行う修繕,"修繕積立金, 長期修繕",
規約,29,（修繕積立金 ）,1項,二,不測の事故その他特別の事由により必要となる修繕,"修繕積立金, 長期修繕",
規約,29,（修繕積立金 ）,1項,三,敷地及び共用部分等の変更,"修繕積立金, 長期修繕",
規約,29,（修繕積立金 ）,1項,四,建物の建替え及びマンション敷地売却（以下「建替え等」という。）に係る合意形成に必要となる事項の調査,"修繕積立金, 長期修繕",
規約,29,（修繕積立金 ）,1項,五,その他敷地及び共用部分等の管理に関し、区分所有者全体の利益のために特別に必要となる管理,"修繕積立金, 長期修繕",
規約,29,（修繕積立金 ）,2項,,前項にかかわらず、区分所有法第６２条第１項の建替え決議（以下「建替え決議」という。）又は建替えに関する区分所有者全員の合意の後であっても、マンションの建替え等の円滑化に関する法律（平成１４年法律第７８号。以下「円滑化法」という。）第９条のマンション建替組合の設立の認可又は円滑化法第４５条のマンション建替事業の認可までの間において、建物の建替えに係る計画又は設計等に必要がある場合には、その経費に充当するため、管理組合は、修繕積立金から管理組合の消滅時に建替え不参加者に帰属する修繕積立金相当額を除いた金額を限度として、修繕積立金を取り崩すことができる。,"修繕積立金, 長期修繕",
規約,29,（修繕積立金 ）,3項,,第１項にかかわらず、円滑化法第１０８条第１項のマンション敷地売却決議（以下「マンション敷地売却決議」という。）の後であっても、円滑化法第１２０条のマンション敷地売却組合の設立の認可までの間において、マンション敷地売却に係る計画等に必要がある場合には、その経費に充当するため、管理組合は、修繕積立金から管理組合の消滅時にマンション敷地売却不参加者に帰属する修繕積立金相当額を除いた金額を限度として、修繕積立金を取り崩すことができる。,"修繕積立金, 長期修繕",
規約,29,（修繕積立金 ）,4項,,管理組合は、第１項各号の経費に充てるため借り入れをしたときは、修繕積立金をもってその償還に充てることができる。,"修繕積立金, 長期修繕",
規約,29,（修繕積立金 ）,5項,,修繕積立金については、管理費とは区分して経理しなければならない。,"修繕積立金, 管理費, 費用負担, 長期修繕",
規約,30,（使用料 ）,,,駐車場使用料その他の敷地及び共用部分等に係る使用料（以下「使用料」という。）は、第２８条に定める通常の管理に要する経費及び第２９条に定める特別の管理に要する経費に充当することができる。,"自動車, 車, 駐車場",
規約,31,（先取特権 ）,1項,,各区分所有者は区分所有法第７条の定めに基づき、他の区分所有者に対する債権について、債務者の区分所有権及び建物に備え付けた動産のうえに先取特権を有する。理事長がその職務又は業務を行うにつき区分所有者に対して有する債権についても同様とする。,,
規約,31,（先取特権 ）,2項,,前項に定める債権は、債務者たる区分所有者の特定承継人及び包括承継人に対しても行うことができる。第１節 組合員,,
規約,32,（組合員の資格 ）,,,組合員の資格は、区分所有者となったときに取得し、区分所有者でなくなったときに喪失する。,,
規約,33,（届出義務 ）,1項,,組合員は次の各号に掲げる場合においては、管理組合の定める期日に書面にて管理組合に届け出なければならない。,,
規約,33,（届出義務 ）,1項,一,専有部分内の内装工事等を行う場合及び補助錠を取付ける場合（別記様式１）,,
規約,33,（届出義務 ）,1項,二,売買・交換・相続等の理由により区分所有者に変更があった場合（別記様式２）,,
規約,33,（届出義務 ）,1項,三,専有部分を第三者に賃貸又は貸与する場合（別記様式３）,,
規約,33,（届出義務 ）,1項,四,入居の場合の緊急連絡先及び家族の名簿、若しくは未入居の場合の緊急連絡先について変更があった場合（別記様式４）,"個人情報, 入居者情報, 名簿",
規約,33,（届出義務 ）,1項,五,長期間留守にする場合（別記様式５ ）,,
規約,33,（届出義務 ）,1項,六,専有部分をホームオフィスとして使用、若しくは使用中止する場合（別記様式６）七 駐輪場の使用、若しくは使用中止を行う場合（別記様式８）,"ホームオフィス, 事務所利用, 在宅勤務, 自転車, 自転車置場, 駐輪場",
規約,33,（届出義務 ）,1項,八,窓ガラス等の開口部改良工事を行う場合（別記様式９）,,
規約,33,（届出義務 ）,1項,九,コミュニティルームを使用する場合（別記様式１０）,"コミュニティルーム, 共用施設",
規約,33,（届出義務 ）,1項,十,専有部分内にてペットの飼育を行う場合（別記様式１１）十一 防犯カメラの記録映像を閲覧する場合（ 別記様式１２ ）第２節 管理組合の業務,"ペット, 動物, 監視, 防犯, 防犯カメラ, 飼育",
規約,34,（業務）,1項,,管理組合は、建物並びにその敷地及び附属施設の管理のため、次の各号に掲げる業務を行う。,,
規約,34,（業務）,1項,一,管理組合が管理する敷地及び共用部分等（以下､本条及び第５２条において「組合管理部分」という。）の保安、保全、保守、清掃、消毒及びゴミ処理,"ゴミ, 廃棄物, 粗大ゴミ",
規約,34,（業務）,1項,二,組合管理部分の修繕,,
規約,34,（業務）,1項,三,長期修繕計画の作成又は変更に関する業務及び長期修繕計画書の管理四 建替え等に係る合意形成に必要となる事項の調査に関する業務,,
規約,34,（業務）,1項,五,適正化法第１０３条第１項に定める、宅地建物取引業者から交付を受けた設計図書の管理六修繕等の履歴情報の整理及び管理等,,
規約,34,（業務）,1項,七,共用部分等に係る火災保険、地震保険その他の損害保険及び管理組合が付保する個人賠償責任保険料に関する業務,"消防, 火災, 防火",
規約,34,（業務）,1項,八,区分所有者が管理する専用使用部分について管理組合が行うことが適当であると認められる管理行為,,
規約,34,（業務）,1項,九,敷地及び共用部分等の変更及び運営十 修繕積立金の運用十一官公署、町内会等との渉外業務十二 マンション及び周辺の風紀、秩序及び安全の維持、防災並びに居住環境の維持及び向上に関する業務十三 広報及び連絡業務十四 地域コミュニティにも配慮した居住者間のコミュニティ形成十五 管理組合の消滅時における残余財産の清算十六 組合員の共同の利益を増進し、良好な住環境を確保するために必要な業務十七 その他建物並びにその敷地及び附属施設の管理に関する業務,"修繕積立金, 長期修繕",
規約,35,（業務の委託等 ）,,,管理組合は、前条に定める業務の全部又は一部を、マンション管理業者（適正化法第２条第八号の「マンション管理業者」をいう。）等の第三者に委託又は請け負わせて執行することができる。,,
規約,36,（専門的知識を有する者の活用 ）,,,管理組合は、マンション管理士（適正化法第２条第五号の「マンション管理士」をいう。）その他マンション管理に関する各分野の専門的知識を有する者に対し、管理組合の運営その他マンションの管理に関し、相談したり、助言、指導その他の援助を求めたりすることができる。,,
規約,37,（役員）,1項,,管理組合に次の役員を置く。,,
規約,37,（役員）,1項,一,理 事 長 １ 名,,
規約,37,（役員）,1項,二,副 理 事 長 １ 名,,
規約,37,（役員）,1項,三,会計担当理事  １ 名,,
規約,37,（役員）,1項,四,防火管理担当理事  １ 名,"消防, 火災, 防火",
規約,37,（役員）,1項,五,理 事 ７ 名,,
規約,38,（役員の任期 ）,1項,,役員の任期は ２年とし、 再任を妨げない。ただし、前条第 ２項及び第３ 項による役職の選任は１年毎におこなうものとし、原則として役員の半数が入れ替わるよう調整することとする。なお、選任された役員が同一の役職に就くことができるのは、 連続３期（３年）までを限度とする。３年を超えて連続で同一の役職に就く場合、次の事項を満たさなければならない。,,
規約,38,（役員の任期 ）,1項,一,当人が同一の役職に就く意思を持っていること。,,
規約,38,（役員の任期 ）,1項,二,新たに任命された役員で開催される最初の理事会において、出席した役員（監事を含める）の過半数の賛同を得ること。,,
規約,38,（役員の任期 ）,2項,,役員に欠員が生じたときは、前条第２項の規定にかかわらず理事会で選任できるものとし、その役員の任期は、前任者の残任期間とする。なお、前任者の残任期間が短く、あらたに役員を選出するのが困難な場合は、現役員が職務を兼務することができるものとする。,,
規約,38,（役員の任期 ）,3項,,任期の満了又は辞任によって退任する役員は、後任の役員が就任するまでの間引き続きその職務を行う。,,
規約,38,（役員の任期 ）,4項,,役員が組合員でなくなった場合には、その役員はその地位を失う。,,
規約,39,（役員の欠格条項 ）,1項,,次の各号のいずれかに該当する者は、役員となることができない。,,
規約,39,（役員の欠格条項 ）,1項,一,成年被後見人若しくは被保佐人又は破産者で復権を得ないもの,,
規約,39,（役員の欠格条項 ）,1項,二,禁錮以上の刑に処せられ、その執行を終わり、又はその執行を受けることがなくなった日から５年を経過しない者,,
規約,39,（役員の欠格条項 ）,1項,三,暴力団員等 （暴力団員又は暴力団員でなくなった日から５年を経過しない者をいう。 ）,,
規約,40,（役員の誠実義務等 ）,1項,,役員は、法令、規約及び使用細則その他細則（以下「使用細則等」という。）並びに総会及び理事会の決議に従い、組合員のため、誠実にその職務を遂行するものとする。,使用細則,
規約,40,（役員の誠実義務等 ）,2項,,役員は、総会の決議を得たときは、役員としての活動に応ずる必要経費の支払いと報酬を受けることができる。,,
規約,41,（利益相反取引の防止 ）,1項,,役員は、次に掲げる場合には、理事会において、当該取引につき重要な事実を開示し、その承認を受けなければならない。,,
規約,41,（利益相反取引の防止 ）,1項,一,役員が自己又は第三者のために管理組合と取引をしようとするとき。,,
規約,41,（利益相反取引の防止 ）,1項,二,管理組合が役員以外の者との間において管理組合と当該役員との利益が相反する取引をしようとするとき。,,
規約,42,（理事長 ）,1項,,理事長は、管理組合を代表し、その業務を統括するほか、次の各号に掲げる業務を遂行する。,,
規約,42,（理事長 ）,1項,一,規約、使用細則等又は総会若しくは理事会の決議により、理事長の職務として定められた事項,使用細則,
規約,42,（理事長 ）,1項,二,理事会の承認を得て、職員を採用又は解雇すること,,
規約,42,（理事長 ）,2項,,理事長は、区分所有法に定める管理者とする。,,
規約,42,（理事長 ）,3項,,理事長は、通常総会において、組合員に対し、前会計年度における管理組合の業務の執行に関する報告をしなければならない。,,
規約,42,（理事長 ）,4項,,理事長は、理事会の承認を受けて、他の理事に、その職務の一部を委任することができる。,,
規約,42,（理事長 ）,5項,,管理組合と理事長との利益が相反する事項については、理事長は、代表権を有しない。この場合においては、監事又は理事長以外の理事が管理組合を代表する。,,
規約,42,（理事長 ）,6項,,理事長は、プレサンスロジェ岐阜長良橋通り管理組合法人の代表理事とする。,,
規約,43,（副理事長 ）,,,副理事長は、理事長を補佐し、理事長に事故があるときは、その職務を代理し、理事長が欠けたときはその職務を行う。,,
規約,44,（理事）,1項,,理事は、理事会を構成し、理事会の定めるところに従い、管理組合の業務を担当する。,,
規約,44,（理事）,2項,,理事は、管理組合に著しい損害を及ぼすおそれのある事実があることを発見したときは、直ちに、当該事実を監事に報告しなければならない。,,
規約,44,（理事）,3項,,会計担当理事は、管理費等の収納、保管、運用、支出等の会計業務を行う。,"管理費, 費用負担",
規約,44,（理事）,4項,,防火管理担当理事は、消防法所定の防火管理者となり、消防計画の作成、当該消防計画に基づく消火、通報及び避難の訓練の実施、消防の用に供する設備、消防用水又は消火活動上必要な施設の点検及び整備、火気の使用又は取扱いに関する監督、避難又は防火上必要な構造及び設備の維持管理並びに収容人員の管理、その他防火管理上必要な業務を行う。ただし、防火管理者は、区分所有者若しくはその同居人又は専有部分の貸与を受けた者若しくはその同居人（以下「区分所有者等」という。）のうちから選任することができる。,"消防, 火災, 防火",
規約,45,（監事）,1項,,監事は、管理組合の業務の執行及び財産の状況を監査し、その結果を総会に報告しなければならない。,,
規約,45,（監事）,2項,,監事は、いつでも、理事及び第４２条第１項第二号に規定する職員に対して業務の報告を求め、又は業務及び財産の状況の調査をすることができる。,,
規約,45,（監事）,3項,,監事は、管理組合の業務の執行及び財産の状況について不正があると認めるときは、臨時総会を招集することができる。,,
規約,45,（監事）,4項,,監事は、理事会に出席し、必要があると認めるときは、意見を述べなければならない。ただし、決議に参加することはできない。,,
規約,45,（監事）,5項,,監事は、理事が不正の行為をし、若しくは当該行為をするおそれがあると認めるとき、又は法令、規約、使用細則等、総会の決議若しくは理事会の決議に違反する事実若しくは著しく不当な事実があると認めるときは、遅滞なく、その旨を理事会に報告しなければならない。,使用細則,
規約,45,（監事）,6項,,監事は、前項に規定する場合において、必要があると認めるときは、理事長に対し、理事会の招集を請求することができる。,,
規約,45,（監事）,7項,,前項の規定による請求があった日から５日以内に、その請求があった日から２週間以内の日を理事会の日とする理事会の招集の通知が発せられない場合は、その請求をした監事は、理事会を招集することができる。,,
規約,46,（総会）,1項,,管理組合の総会は、総組合員で組織する。,,
規約,46,（総会）,2項,,総会は、通常総会及び臨時総会とし、区分所有法に定める集会とする。,,
規約,46,（総会）,3項,,理事長は、通常総会を、毎年１回新会計年度開始以後３か月以内に招集しなければならない。,,
規約,46,（総会）,4項,,理事長は、必要と認める場合には、理事会の決議を経て、いつでも臨時総会を招集することができる。,,
規約,46,（総会）,5項,,総会の議長は、理事長が務める。,,
規約,47,（招集手続 ）,1項,,総会を招集するには、少なくとも会議を開く日の１週間前（会議の目的が建替え決議又はマンション敷地売却決議であるときは２か月前）までに、会議の日時、場所及び目的を示して、組合員に通知を発しなければならない。,,
規約,47,（招集手続 ）,2項,,前項の通知は、管理組合に対し組合員が届出をした宛先に発するものとする。ただし、その届出のない組合員に対しては、対象物件内の専有部分の所在地宛に発するものとする。,,
規約,47,（招集手続 ）,3項,,第１項の通知は、対象物件内に居住する組合員及び前項の届出のない組合員に対しては、その内容を所定の掲示場所に掲示することをもって、これに代えることができる。,,
規約,47,（招集手続 ）,4項,,第１項の通知をする場合において、会議の目的が第５１条第３項第一号、第二号若しくは第四号に掲げる事項の決議又は建替え決議若しくはマンション敷地売却決議であるときは、その議案の要領をも通知しなければならない。,,
規約,47,（招集手続 ）,5項,,会議の目的が建替え決議であるときは、前項に定める議案の要領のほか、次の事項を通知しなければならない。,,
規約,47,（招集手続 ）,5項,一,建替えを必要とする理由,,
規約,47,（招集手続 ）,5項,二,建物の建替えをしないとした場合における当該建物の効用の維持及び回復（建物が通常有すべき効用の確保を含む。）をするのに要する費用の額及びその内訳,,
規約,47,（招集手続 ）,5項,三,建物の修繕に関する計画が定められているときは、当該計画の内容,,
規約,47,（招集手続 ）,5項,四,建物につき修繕積立金として積み立てられている金額,"修繕積立金, 長期修繕",
規約,47,（招集手続 ）,6項,,会議の目的がマンション敷地売却決議であるときは、第４項に定める議案の要領のほか、次の事項を通知しなければならない。,,
規約,47,（招集手続 ）,6項,一,売却を必要とする理由,,
規約,47,（招集手続 ）,6項,二,建築物の耐震改修の促進に関する法律（平成７年法律第１２３号） 第２条第２項に規定する耐震改修（以下単に「耐震改修」という。）又はマンションの建替えをしない理由,,
規約,47,（招集手続 ）,6項,三,耐震改修に要する費用の概算額,,
規約,47,（招集手続 ）,7項,,建替え決議又はマンション敷地売却決議を目的とする総会を招集する場合、少なくとも会議を開く日の１か月前までに、当該招集の際に通知すべき事項について組合員に対し説明を行うための説明会を開催しなければならない。,,
規約,47,（招集手続 ）,8項,,第４９条第２項の場合には、第１項の通知を発した後遅滞なく、その通知の内容を、所定の掲示場所に掲示しなければならない。,,
規約,47,（招集手続 ）,9項,,第１項（会議の目的が建替え決議又はマンション敷地売却決議であるときを除く。）にかかわらず、緊急を要する場合には、理事長は、理事会の承認を得て、５日間を下回らない範囲において、第１項の期間を短縮することができる。,,
規約,48,（組合員の総会招集権 ）,1項,,組合員が組合員総数の５分の１以上及び第５０条第１項に定める議決権総数の５分の１以上に当たる組合員の同意を得て、会議の目的を示して総会の招集を請求した場合には、理事長は、２週間以内にその請求があった日から４週間以内の日（会議の目的が建替え決議又はマンション敷地売却決議であるときは、２か月と２週間以内の日）を会日とする臨時総会の招集の通知を発しなければならない。,,
規約,48,（組合員の総会招集権 ）,2項,,理事長が前項の通知を発しない場合には、前項の請求をした組合員は、臨時総会を招集することができる。,,
規約,48,（組合員の総会招集権 ）,3項,,前２項により招集された臨時総会においては、第４６条第５項にかかわらず、議長は、総会に出席した組合員（書面又は代理人によって議決権を行使する者を含む。）の議決権の過半数をもって、組合員の中から選任する。,,
規約,49,（出席資格 ）,1項,,組合員のほか、理事会が必要と認めた者は、総会に出席することができる。,,
規約,49,（出席資格 ）,2項,,区分所有者の承諾を得て専有部分を占有する者は、会議の目的につき利害関係を有する場合には、総会に出席して意見を述べることができる。この場合において、総会に出席して意見を述べようとする者は、予め理事長にその旨を通知しなければならない。,,
規約,50,（議決権 ）,1項,,組合員は、その所有する住戸１戸につき各１個の議決権を有する。,,
規約,50,（議決権 ）,2項,,住戸１戸が数人の共有に属する場合、その議決権行使については、これら共有者をあわせて一の組合員とみなす。,,
規約,50,（議決権 ）,3項,,前項により一の組合員とみなされる者は、議決権を行使する者１名を選任し、その者の氏名をあらかじめ総会開会までに理事長に届け出なければならない。,,
規約,50,（議決権 ）,4項,,組合員は、書面又は代理人によって議決権を行使することができる。,,
規約,50,（議決権 ）,5項,,組合員が代理人により議決権を行使しようとする場合において、その代理人は、以下の各号に掲げる者でなければならない。,,
規約,50,（議決権 ）,5項,一,その組合員の配偶者（婚姻の届出をしていないが事実上婚姻関係と同様の事情にある者を含む。以下同じ。）又は一親等の親族,,
規約,50,（議決権 ）,5項,二,その組合員の住戸に同居する親族,,
規約,50,（議決権 ）,6項,三,他の組合員,,
規約,50,（議決権 ）,6項,,組合員又は代理人は、代理権を証する書面を理事長に提出しなければならない。ただし、前項第一号及び第二号については、この限りでない。,,
規約,51,（総会の会議及び議事 ）,1項,,総会の会議は、前条第１項に定める議決権総数の半数以上を有する組合員が出席しなければならない。,,
規約,51,（総会の会議及び議事 ）,2項,,総会の議事は、出席組合員の議決権の過半数で決する。,,
規約,51,（総会の会議及び議事 ）,3項,,次の各号に掲げる事項に関する総会の議事は、前項にかかわらず、組合員総数の４分の３以上及び議決権総数の４分の３以上で決する。,,
規約,51,（総会の会議及び議事 ）,3項,一,規約の制定、変更又は廃止（別に定める管理費等の額の変更は除く。）,"管理費, 費用負担",
規約,51,（総会の会議及び議事 ）,3項,二,敷地及び共用部分等の変更（その形状又は効用の著しい変更を伴わないもの及び建築物の耐震改修の促進に関する法律第２５条第２項に基づく認定を受けた建物の耐震改修を除く。）,,
規約,51,（総会の会議及び議事 ）,3項,三,区分所有法第５８条第１項、第５９条第１項又は第６０条第１項の訴えの提起,,
規約,51,（総会の会議及び議事 ）,3項,四,建物の価格の２分の１を超える部分が滅失した場合の滅失した共用部分の復旧,,
規約,51,（総会の会議及び議事 ）,3項,五,区分所有法第４７条の管理組合法人の設立,,
規約,51,（総会の会議及び議事 ）,3項,六,その他総会において本項の方法により決議することとした事項,,
規約,51,（総会の会議及び議事 ）,4項,,建替え決議は、第２項にかかわらず、組合員総数の５分の４以上及び議決権総数の５分の４以上で行う。,,
規約,51,（総会の会議及び議事 ）,5項,,マンション敷地売却決議は、第２項にかかわらず、組合員総数、議決権総数及び敷地利用権の持分の価格の各５分の４以上で行う。,,
規約,51,（総会の会議及び議事 ）,6項,,前５項の場合において、書面又は代理人によって議決権を行使する者は、出席組合員とみなす。,,
規約,51,（総会の会議及び議事 ）,7項,,第３項第一号において、規約の制定、変更又は廃止が一部の組合員の権利に特別の影響を及ぼすべきときは、その承諾を得なければならない。この場合において、その組合員は正当な理由がなければこれを拒否してはならない。,,
規約,51,（総会の会議及び議事 ）,8項,,第３項第二号において、敷地及び共用部分等の変更が、専有部分又は専用使用部分の使用に特別の影響を及ぼすべきときは、その専有部分を所有する組合員又はその専用使用部分の専用使用を認められている組合員の承諾を得なければならない。この場合において、その組合員は正当な理由がなければこれを拒否してはならない。,,
規約,51,（総会の会議及び議事 ）,9項,,第３項第三号に掲げる事項の決議を行うには、予め当該組合員又は占有者に対し、弁明する機会を与えなければならない。,,
規約,51,（総会の会議及び議事 ）,10項,,総会においては、第４７条第１項により予め通知した事項についてのみ決議することができる。,,
規約,52,（議決事項 ）,1項,,次の各号に掲げる事項については、総会の決議を経なければならない。,,
規約,52,（議決事項 ）,1項,一,収支決算及び事業報告 二収支予算及び事業計画,,
規約,52,（議決事項 ）,1項,三,管理費等及び使用料の額並びに賦課徴収方法四 規約及び使用細則等の制定、変更又は廃止,"使用細則, 管理費, 費用負担",
規約,52,（議決事項 ）,1項,五,長期修繕計画の作成又は変更,,
規約,52,（議決事項 ）,1項,六,第２９条第１項に定める特別の管理の実施並びにそれに充てるための資金の借入れ及び修繕積立金の取崩し,"修繕積立金, 長期修繕",
規約,52,（議決事項 ）,1項,七,第２９条第２項及び第３項に定める建替え等に係る計画又は設計等の経費のための修繕積立金の取崩し,"修繕積立金, 長期修繕",
規約,52,（議決事項 ）,1項,八,修繕積立金の保管及び運用方法,"修繕積立金, 長期修繕",
規約,52,（議決事項 ）,1項,九,第２２条第２項に定める管理の実施,,
規約,52,（議決事項 ）,1項,十,区分所有法第５７条第２項及び前条第３項第三号の訴えの提起並びにこれらの訴えを提起すべき者の選任十一 建物の一部が滅失した場合の滅失した共用部分の復旧十二 区分所有法第６２条第１項の場合の建替え及び円滑化法第１０８条第１項の場合のマンション敷地売却十三 役員の選任及び解任並びに役員活動費の額及び支払方法十四 組合管理部分に関する管理委託契約の締結十五 その他管理組合の業務に関する重要事項,,
規約,53,（議事録の作成、保管等 ）,1項,,総会の議事については、議長は、議事録を作成しなければならない。,,
規約,53,（議事録の作成、保管等 ）,2項,,議事録には、議事の経過の要領及びその結果を記載し、議長及び議長の指名する２名の総会に出席した組合員がこれに署名押印しなければならない。,,
規約,53,（議事録の作成、保管等 ）,3項,,理事長は、議事録を保管し、組合員又は利害関係人の書面による請求があったときは、議事録の閲覧をさせなければならない。この場合において、閲覧につき、相当の日時、場所等を指定することができる。,,
規約,53,（議事録の作成、保管等 ）,4項,,理事長は、所定の掲示場所に、議事録の保管場所を掲示しなければならない。,,
規約,54,（書面による決議 ）,1項,,規約により総会において決議をすべき場合において、組合員全員の承認があるときは、書面による決議をすることができる。,,
規約,54,（書面による決議 ）,2項,,規約により総会において決議すべきものとされた事項については、組合員全員の書面による合意があったときは、書面による決議があったものとみなす。,,
規約,54,（書面による決議 ）,3項,,規約により総会において決議すべきものとされた事項についての書面による決議は、総会の決議と同一の効力を有する。,,
規約,54,（書面による決議 ）,4項,,前条第３項及び第４項の規定は、書面による決議に係る書面について準用する。,,
規約,54,（書面による決議 ）,5項,,総会に関する規定は、書面による決議について準用する。第５節 理事会,,
規約,55,（理事会 ）,1項,,理事会は、理事をもって構成する。,,
規約,55,（理事会 ）,2項,,理事会は、次に掲げる職務を行う。,,
規約,55,（理事会 ）,2項,一,規約若しくは使用細則等又は総会の決議により理事会の権限として定められた管理組合の業務執行の決定,使用細則,
規約,55,（理事会 ）,2項,二,理事の職務の執行の監督,,
規約,55,（理事会 ）,2項,三,理事長、副理事長及び会計担当理事の選任,,
規約,55,（理事会 ）,3項,,理事会の議長は、理事長が務める。,,
規約,55,（理事会 ）,4項,,理事は、事故又は諸事情により理事会に出席できないときは、配偶者又は一親等の親族の内、成年に達した者を、代理人として出席させることができる。,,
規約,56,（招集）,1項,,理事会は、理事長が招集する。,,
規約,56,（招集）,2項,,理事が２分の１以上の理事の同意を得て理事会の招集を請求した場合には、理事長は速やかに理事会を招集しなければならない。,,
規約,56,（招集）,3項,,前項の規定による請求があった日から７日以内に、その請求があった日から１４日以内の日を理事会の日とする理事会の招集の通知が発せられない場合には、その請求をした理事は、理事会を招集することができる。,,
規約,56,（招集）,4項,,理事会の招集手続については、第４７条（建替え決議又はマンション敷地売却決議を会議の目的とする場合の第１項及び第４項から第８項までを除く。）の規定を準用する。この場合において、同条中「組合員」とあるのは「理事及び監事」と、同条第９項中「理事会の承認」とあるのは「理事及び監事の全員の同意」と読み替えるものとする。ただし、理事会において別段の定めをすることができる。,,
規約,57,（理事会の会議及び議事 ）,1項,,理事会の会議は、理事の半数以上が出席しなければ開くことができず、その議事は出席理事の過半数で決する。,,
規約,57,（理事会の会議及び議事 ）,2項,,次条第１項第五号に掲げる事項については、理事の過半数の承諾があるときは、書面又は電磁的方法による決議によることができる。,,
規約,57,（理事会の会議及び議事 ）,3項,,前２項の決議について特別の利害関係を有する理事は、議決に加わることができない。,,
規約,57,（理事会の会議及び議事 ）,4項,,議事録については、第５３条（第４項を除く。）の規定を準用する。ただし、第５３条第２項中「総会に出席した組合員」とあるのは「理事会に出席した理事」と読み替えるものとする。,,
規約,57,（理事会の会議及び議事 ）,5項,,理事は、事故又は諸事情により理事会に出席できないときは、配偶者又は一親等の親族のうち、成年に達した者を代理人として出席させることができる。,,
規約,58,（議決事項 ）,1項,,理事会は、この規約に別に定めるもののほか、次の各号に掲げる事項を決議する。,,
規約,58,（議決事項 ）,1項,一,収支決算案、事業報告案、収支予算案及び事業計画案,,
規約,58,（議決事項 ）,1項,二,規約及び使用細則等の制定、変更又は廃止に関する案三 長期修繕計画の作成又は変更に関する案 四 管理共有物の保存行為に関する適切な修理の実施及び計画立案,使用細則,
規約,58,（議決事項 ）,1項,五,管理費等の滞納者に対する支払の督促及び訴訟提起手続きに関する事項六 弁護士の選任及び訴訟提起手続きに関する事項七その他の総会提出議案,"管理費, 費用負担",
規約,58,（議決事項 ）,1項,八,第１８条、第２２条及び第２３条に定める承認又は不承認,,
規約,58,（議決事項 ）,1項,九,第６３条第３項に定める承認又は不承認,,
規約,58,（議決事項 ）,1項,十,第６５条第４項に定める未納の管理費等及び使用料の請求に関する訴訟その他法的措置の追行,"管理費, 費用負担",
規約,58,（議決事項 ）,1項,十一,第７３条に定める勧告又は指示等,,
規約,58,（議決事項 ）,1項,十二,十二 第８１条第２項に関するペット飼育の禁止十三 総会から付託された事項十四 災害等により総会の開催が困難である場合における応急的な修繕工事の実施等,"ペット, 動物, 飼育",
規約,58,（議決事項 ）,1項,十三,十三 総会から付託された事項,,
規約,58,（議決事項 ）,1項,十四,十四 災害等により総会の開催が困難である場合における応急的な修繕工事の実施等,,
規約,58,（議決事項 ）,2項,,第５２条の規定にかかわらず、理事会は、前項第十四号の決議をした場合においては、当該決議に係る応急的な修繕工事の実施に充てるための資金の借入れ及び修繕積立金の取崩しについて決議することができる。,"修繕積立金, 長期修繕",
規約,59,（専門委員会の設置 ）,1項,,理事会は、その責任と権限の範囲内において、専門委員会を設置し、特定の課題を調査又は検討させることができる。,,
規約,59,（専門委員会の設置 ）,2項,,専門委員会は、調査又は検討した結果を理事会に具申する。,,
規約,60,（会計年度 ）,,,管理組合の会計年度は、毎年１２月１日から翌年の１１月末日までとする。,,
規約,61,（管理組合の収入及び支出 ）,,,管理組合の会計における収入は、第２６条に定める管理費等及び第３０条に定める使用料によるものとし、その支出は第２８条から第３０条に定めるところにより諸費用に充当する。,"管理費, 費用負担",
規約,62,（区分経理 ）,1項,,前条における管理組合の会計は、次の各号に掲げる会計に区分して経理しなければならない。,,
規約,62,（区分経理 ）,1項,一,一般会計 （第２８条に定める管理費並びに第３０条に定める使用料に関する会計をいう。）,"管理費, 費用負担",
規約,62,（区分経理 ）,1項,二,修繕積立金会計 （第２９条に定める修繕積立金に関する会計をいう。 ）,"修繕積立金, 長期修繕",
規約,63,（収支予算の作成及び変更 ）,1項,,理事長は、毎会計年度の収支予算案を通常総会に提出し、その承認を得なければならない。,,
規約,63,（収支予算の作成及び変更 ）,2項,,収支予算を変更しようとするときは、理事長は、その案を臨時総会に提出し、その承認を得なければならない。,,
規約,63,（収支予算の作成及び変更 ）,3項,,理事長は、第６０条に定める会計年度の開始後、第１項に定める承認を得るまでの間に、以下の各号に掲げる経費の支出が必要となった場合には、理事会の承認を得てその支出を行うことができる。,,
規約,63,（収支予算の作成及び変更 ）,3項,一,第２８条に定める通常の管理に要する経費のうち、経常的であり、かつ、第１項の承認を得る前に支出することがやむを得ないと認められるもの,,
規約,63,（収支予算の作成及び変更 ）,3項,二,総会の承認を得て実施している長期の施工期間を要する工事に係る経費であって、第１項の承認を得る前に支出することがやむを得ないと認められるもの,,
規約,63,（収支予算の作成及び変更 ）,4項,,理事長は、前項に定める支出を行ったときは、第１項に定める収支予算案の承認を得るために開催された通常総会において、その内容を報告しなければならない。この場合において、当該支出は、その他の収支予算とともに承認されたものとみなす。,,
規約,63,（収支予算の作成及び変更 ）,5項,,理事会が第５８条第１項第十四号の決議をした場合には、理事長は、同条第２項の決議 に基づき、その支出を行うことができる。,,
規約,63,（収支予算の作成及び変更 ）,6項,,理事長は、第２２条第６項の規定に基づき、敷地及び共用部分等の保存行為を行う場合には、そのために必要な支出を行うことができる。,,
規約,64,（会計報告 ）,,,理事長は、毎会計年度の収支決算案を監事の会計監査を経て、通常総会に報告し、その承認を得なければならない。,,
規約,65,（管理費等の徴収 ）,1項,,管理組合は、第２６条に定める管理費等及び第３０条に定める使用料について、組合員が各自開設する預金口座から管理組合が指定する自動振替の方法により第６８の規定に基づき管理組合が開設した口座に受け入れることとし、当月分を当月６日までに一括して徴収する。ただし、臨時に要する費用として特別に徴収する場合には、別に定めるところによる。,"管理費, 費用負担",
規約,65,（管理費等の徴収 ）,2項,,組合員が前項の期日までに納付すべき金額を納付しない場合には、管理組合は、その未払金額について年利１４．６％の遅延損害金と、違約金としての弁護士費用並びに督促及び徴収の諸費用を加算して、その組合員に対して請求することができ 、組合員は請求額を支払う義務を負う。滞納した組合員は、管理組合から請求された場合に諸費用として次の各号に定める手数料を支払わなければならない。,"管理費, 費用負担",
規約,65,（管理費等の徴収 ）,2項,一,郵送料 ２，０００円（内容証明郵便を郵送した場合に支払う額が郵送料を上回った場合、５００円単位で増額できるものとする。）,"管理費, 費用負担",
規約,65,（管理費等の徴収 ）,2項,二,事務手数料  ５，０００円（書類作成１件当たりにつき請求可能）,"管理費, 費用負担",
規約,65,（管理費等の徴収 ）,2項,三,労務手数料  １０，０００円（１日当たりの金額とする。弁護士への相談、裁判所への出頭などで役員が労務に服した場合に請求可能とし、最低労務時間を１日とする）,"管理費, 費用負担",
規約,65,（管理費等の徴収 ）,3項,,組合員が管理費等及び使用料を滞納した場合、管理組合は、当該組合員に対し相当の期間を定めてその納付を催告し、当該組合員が当該期間内に納付しないときは、当該組合員の滞納金額を他の組合員に開示することができる。,"管理費, 費用負担",
規約,65,（管理費等の徴収 ）,4項,,理事長は、未納の管理費等及び使用料の請求に関して、理事会の決議により、管理組合を代表して、訴訟及びその他法的措置を追行することができる。,"管理費, 費用負担",
規約,65,（管理費等の徴収 ）,5項,,第２項に基づき請求した遅延損害金、弁護士費用並びに督促及び徴収の諸費用に相当する収納金は、第２８条に定める費用に充当する。,"管理費, 費用負担",
規約,65,（管理費等の徴収 ）,6項,,組合員は、納付した管理費等及び使用料について、その返還請求又は分割請求をすることができない。,"管理費, 費用負担",
規約,65,（管理費等の徴収 ）,7項,,管理組合は、区分所有者又は包括継承人若しくは特定承継人等から未払金の一部の納付があった場合には、その収納金を、経過年月の古いものから順次未払金の納付に充当するものとし、納入者は充当年月及び科目を指定することはできない。,"管理費, 費用負担",
規約,65,（管理費等の徴収 ）,8項,,管理組合は、第３０条に定める使用料及び電気料、水道料について、占有者に対して直接、請求及び徴収できるものとする。,"管理費, 費用負担",
規約,65,（管理費等の徴収 ）,9項,,第２項で請求する事務手数料及び労務手数料は、それぞれ事務、労務を行った役員に支給することができる。,"管理費, 費用負担",
規約,65,（管理費等の徴収 ）,10項,,管理組合からの請求に対し、未払い金額その他金額に対し、その一部が支払われた場合、充当する費用の優先順位は次の通りとする。１位 ２項に定める郵送料、事務手数料、労務手数料２位 ２項に定める遅延損害金、違約金、督促及び徴収の諸費用（１位を除く）３位 使用料４位 管理費等,"管理費, 費用負担",
規約,66,（管理費等の過不足 ）,1項,,収支決算の結果、一般会計にその余剰を生じた場合には、その余剰は翌年度における一般会計に充当する。,"管理費, 費用負担",
規約,66,（管理費等の過不足 ）,2項,,管理費等に不足を生じた場合には、管理組合は組合員に対して第２６条第２項に定める管理費等の負担割合により、その都度必要な金額の負担を求めることができる。,"管理費, 費用負担",
規約,67,（賃貸料等の取扱い ）,1項,,敷地及び共用部分の一部を、第三者に使用させることで生じた賃貸料等の収入（ 以下、「収入」という。）について、管理組合はその契約窓口とはなるが、収入は第１０条に定める各区分所有者の共有部分の共有持分割合に応じて各区分所有者に帰属するものとする。,,
規約,67,（賃貸料等の取扱い ）,2項,,前項の収入は、各組合員の収入とした経理を行い、管理組合は収入と同額を特別管理費として各組合員より徴収し、管理費に充当するほか、修繕積立金として積み立てる。なお、相殺勘定となるため現金の授受は行わないものとする。,"修繕積立金, 管理費, 費用負担, 長期修繕",
規約,68,（預金口座の開設 ）,,,管理組合は、会計業務を遂行するため、管理組合の預金口座を開設するものとする。,,
規約,69,（借入れ ）,,,管理組合は、第２９条第１項に定める業務を行うため必要な範囲内において、借入れをすることができる。,,
規約,70,（帳票類等の作成、保管 ）,1項,,理事長は、会計帳簿、什器備品台帳、組合員名簿及びその他の帳票類を作成して保管し、組合員又は利害関係人の理由を付した書面による請求があったときは、これらを閲覧させなければならない。この場合において、閲覧につき、相当の日時、場所等を指定することができる。,"個人情報, 入居者情報, 名簿",
規約,70,（帳票類等の作成、保管 ）,2項,,理事長は、第３４条第三号の長期修繕計画書、同条第五号の設計図書及び同条第六号の修繕等の履歴情報を保管し、組合員又は利害関係人の理由を付した書面による請求があったときは、これらを閲覧させなければならない。この場合において、閲覧につき、相当の日時、場所等を指定することができる。,,
規約,70,（帳票類等の作成、保管 ）,3項,,理事長は、第５３条第３項（第５７条第４項において準用される場合を含む。）、本条第１項及び第２項並びに第７８条第２項及び第４項の規定により閲覧の対象とされる管理組合の財務・管理に関する情報については、組合員又は利害関係人の理由を付した書面による請求に基づき、当該請求をした者が求める情報を記入した書面を交付することができる。この場合において、理事長は、交付の相手方にその費用を負担させることができる。,,
規約,71,（消滅時の財産の清算 ）,,,管理組合が消滅する場合、その残余財産については、第１０条に定める各区分所有者の 共用部分の共有持分割合に応じて各区分所有者に帰属するものとする。,,
規約,72,（義務違反者に対する措置 ）,,,区分所有者又は占有者が建物の保存に有害な行為その他建物の管理又は使用に関し区分所有者の共同の利益に反する行為をした場合又はその行為をするおそれがある場合には、区分所有法第５７条から第６０条までの規定に基づき必要な措置をとることができる。,,
規約,73,（理事長の勧告及び指示等 ）,1項,,区分所有者若しくはその同居人又は専有部分の貸与を受けた者若しくはその同居人（以下「区分所有者等」という。）が、法令、規約又は使用細則等に違反したとき、又は対象物件内における共同生活の秩序を乱す行為を行ったときは、理事長は、理事会の決議を経てその区分所有者等に対し、その是正等のため必要な勧告又は指示若しくは警告を行うことができる。,使用細則,
規約,73,（理事長の勧告及び指示等 ）,2項,,区分所有者は、その同居人又はその所有する専有部分の貸与を受けた者若しくはその同居人が前項の行為を行った場合には、その是正等のため必要な措置を講じなければならない。,,
規約,73,（理事長の勧告及び指示等 ）,3項,,区分所有者等がこの規約若しくは使用細則等に違反したとき、又は区分所有者等若しくは区分所有者等以外の第三者が敷地及び共用部分等において不法行為を行ったときは、理事長は、理事会の決議を経て、次の措置を講ずることができる。,使用細則,
規約,73,（理事長の勧告及び指示等 ）,3項,一,一 行為の差止め、排除又は原状回復のための必要な措置の請求に関し、管理組合を代表して、訴訟その他法的措置を追行すること,,
規約,73,（理事長の勧告及び指示等 ）,3項,二,敷地及び共用部分等について生じた損害賠償金又は不当利得による返還金の請求又は受領に関し、区分所有者のために、訴訟において原告又は被告となること、その他法的措置をとること,,
規約,73,（理事長の勧告及び指示等 ）,4項,,前項の訴えを提起する場合、理事長は、請求の相手方に対し、違約金としての弁護士費用及び差止め等の諸費用を請求することができる。,,
規約,73,（理事長の勧告及び指示等 ）,5項,,前項に基づき請求した弁護士費用及び差止め等の諸費用に相当する収納金は、第２８条に定める費用に充当する。,,
規約,73,（理事長の勧告及び指示等 ）,6項,,理事長は、第３項の規定に基づき、区分所有者のために、原告又は被告となったときは、遅滞なく、区分所有者にその旨を通知しなければならない。この場合には、第４７条第２項及び第３項の規定を準用する。,,
規約,74,（治安維持 ）,1項,,区分所有者は、対象物件内の治安維持のため、その専有部分を、暴力団の事務所及び会合の場に使用したり、また共同生活環境を侵害するおそれのある者、暴力団構成員及び暴力団組織等に譲渡又は貸与してはならない。,,
規約,74,（治安維持 ）,2項,,理事長は、区分所有者が前項の規定に違反した場合は、その区分所有者に対して総会の決議を経て区分所有法第５７条から第６０条までの規定に基づき必要な措置を取ることができる。,,
規約,75,（合意管轄裁判所 ）,1項,,この規約に起因する管理組合と組合員との間の紛争に関して訴訟の必要が生じた場合、対象物件所在地を管轄する地方（簡易）裁判所をもって、第一審管轄裁判所とする。,,
規約,75,（合意管轄裁判所 ）,2項,,第５２条第十号に関する訴訟についても、前項と同様とする。,,
規約,76,（自治体及び近隣住民との協定の遵守 ）,,,区分所有者は、管理組合が自治体又は近隣住民と締結した協定について、これを誠実に遵守しなければならない。,,
規約,77,（細則）,,,総会及び理事会の運営、会計処理、管理組合への届出事項等については、別に細則を定 めることができる。,,
規約,78,（規約外事項 ）,1項,,規約、使用細則等に定めのない事項については、区分所有法その他の法令の定めるところによる。,使用細則,
規約,78,（規約外事項 ）,2項,,規約、使用細則等又は法令のいずれにも定めのない事項については、総会の決議により定める。,使用細則,
規約,79,（規約原本等 ）,1項,,この規約を証するため、規約承認時の理事長及び２名の区分所有者が記名押印した規約を１通作成し、これを規約原本とする。,,
規約,79,（規約原本等 ）,2項,,規約原本は、理事長が保管し、区分所有者又は利害関係人の書面による請求があったときは、規約原本の閲覧をさせなければならない。,,
規約,79,（規約原本等 ）,3項,,規約が規約原本の内容から総会決議により変更されているときは、理事長は、１通の書面に、現に有効な規約の内容と、その内容が規約原本及び規約変更を決議した総会の議事録の内容と相違ないことを記載し、署名押印した上で、この書面を保管する。,,
規約,79,（規約原本等 ）,4項,,区分所有者又は利害関係人の書面による請求があったときは、理事長は、規約原本、規約変更を決議した総会の議事録及び現に有効な規約の内容を記載した書面（以下「規約原本等」という。）並びに現に有効な第１９条に基づく使用細則及びその他の細則の内容を記載した書面（以下「使用細則等」という。）の閲覧をさせなければならない。,使用細則,
規約,79,（規約原本等 ）,5項,,第２項及び前項の場合において、理事長は、閲覧につき、相当の日時、場所等を指定することができる。,,
規約,79,（規約原本等 ）,6項,,理事長は、所定の掲示場所に、規約原本等及び使用細則等の保管場所を掲示しなければならない。,使用細則,
規約,80,（工事竣工図の備付 ）,1項,,理事長は、対象物件の工事竣工図等の関係図書を管理事務室等に保管し、区分所有者又は利害関係人の書面による請求があったときは、これを閲覧させなければならない。,,
規約,80,（工事竣工図の備付 ）,2項,,前項の場合において、理事長は、閲覧につき、相当の日時、場所等を指定することができる。,,
規約,81,（専有部分内でのペットの飼育 ）,1項,,対象物件の専有部分内でペットの飼育を希望する区分所有者及び占有者は、別に定めるペット飼育細則を遵守しなければならない。,"ペット, 動物, 細則, 飼育",
規約,81,（専有部分内でのペットの飼育 ）,2項,,理事長は、他の区分所有者又は占有者からペット飼育細則に対する苦情の申し出があった場合、またペット飼育者がペット飼育細則に違反し理事長の勧告に従わない場合には、理事会の決議により、当該ペット飼育者がペットを飼育することを禁止することができる。,"ペット, 動物, 細則, 飼育",
規約,附則1,（規約の発効 ）,,,この規約は、最初に対象物件の専有部分の引渡しがあった日から効力を発する。,,
規約,附則2,（管理組合の成立 ）,,,管理組合は、前条の規約の発効と同時に成立したものとする。,,
規約,附則3,（管理費等 ）,,,各区分所有者の負担する当初の管理費等の額は、規約第５２条第三号の規定にかかわらず、規約第２６条第２項に規定する方法により算出されたタイプ別管理費等及び使用料一覧表の額とする。,"管理費, 費用負担",
規約,附則4,（初代役員 ）,,,管理組合の初代役員は、規約第３７条第２項の規定にかかわらず、売主又は管理会社（以下「管理会社」という。）が区分所有者の中から推薦又は選任できるものとする。,,
規約,附則5,（経過措置 ）,,,この規約の効力が発生する日以前に、売主はその定める方法により区分所有者の中から当初の駐車場及び駐輪場の使用者を選出することができるものとし、またこの規約の効力が発生する日以前に当該区分所有者が管理会社との間で締結した駐車場使用契約は、この契約の効力,"自動車, 自転車, 自転車置場, 車, 駐車場, 駐輪場",
一般使用細則,1,（エレベーター運転 ）,,,エレベーターは「カゴ」内掲示の指示に従って運転すること。また、小さな子供のみの使用をしないよう注意すること。,"エレベーター, 使用細則, 昇降機",
一般使用細則,2,（清掃、塵芥の処理 ）,1項,,建物の美観を維持するため、次の各号に掲げる事項に十分注意するものとする。,"ゴミ, 使用細則, 廃棄物, 粗大ゴミ",
一般使用細則,2,（清掃、塵芥の処理 ）,1項,一,正面玄関、廊下、階段その他共用部分の清掃は管理委託契約の範囲内で管理受託者が行うが、各戸前廊下の清潔保持についてはそれぞれ協力すること,"ゴミ, 使用細則, 廃棄物, 粗大ゴミ",
一般使用細則,2,（清掃、塵芥の処理 ）,1項,二,故意又は過失により共用部分、エレベーターその他の諸設備を毀損したときはその補修費は個人負担とすること,"エレベーター, ゴミ, 使用細則, 廃棄物, 昇降機, 粗大ゴミ",
一般使用細則,2,（清掃、塵芥の処理 ）,1項,三,塵芥類は、自治体指定の方法で、ポリ袋等に包み、指定の日時にゴミ置場に出すこと四 ガラス製品、空き缶、エアゾール等の危険物は指定の日時にゴミ置場に出すこと,"ゴミ, 使用細則, 廃棄物, 粗大ゴミ",
一般使用細則,2,（清掃、塵芥の処理 ）,1項,四,ガラス製品、空き缶、エアゾール等の危険物は指定の日時にゴミ置場に出すこと,"ゴミ, 使用細則, 廃棄物, 粗大ゴミ",
一般使用細則,2,（清掃、塵芥の処理 ）,1項,五,臨時に大量の廃棄物がある場合は事前に管理会社に申し出てから処理すること,"ゴミ, 使用細則, 廃棄物, 粗大ゴミ",
一般使用細則,3,（防火、消火、避難設備 ）,1項,,火災予防のため平素から備え付けの消火器具、避難施設の位置、使用方法を熟知すると共に万一の場合は相互に協力し被害を最小限に止めるよう協力するものとする。,"使用細則, 消防, 火災, 防火",
一般使用細則,3,（防火、消火、避難設備 ）,2項,,区分所有者等は次の各号に掲げる事項につき特に留意遵守しなければならない。,"使用細則, 消防, 火災, 防火",
一般使用細則,3,（防火、消火、避難設備 ）,2項,一,自然発火、引火爆発のおそれのあるものは対象物件内に持込まないこと,"使用細則, 消防, 火災, 防火",
一般使用細則,3,（防火、消火、避難設備 ）,2項,二,階段、消火栓、消火器の付近には絶対に物を置かないこと,"使用細則, 消防, 火災, 防火",
一般使用細則,3,（防火、消火、避難設備 ）,2項,三,出火発見の場合は直ちに非常ベルを押すとともに、１１９番へ出火場所を通報すること四 初期消火が大切なので最寄りの消火器、消火栓を使用して消火につとめること五避難の際は窓扉を閉じ延焼を防ぐこと,"使用細則, 消防, 火災, 防火",
一般使用細則,3,（防火、消火、避難設備 ）,2項,六,避難の際にはエレベーターを使用しないこと,"エレベーター, 使用細則, 昇降機, 消防, 火災, 防火",
一般使用細則,3,（防火、消火、避難設備 ）,2項,七,建築材料・カーテン・絨毯等については防炎性のものを使用するこ  と,"使用細則, 消防, 火災, 防火",
一般使用細則,3,（防火、消火、避難設備 ）,2項,八,各戸になるべく家庭用消火器を備えておくこと,"使用細則, 消防, 火災, 防火",
一般使用細則,4,（防犯）,1項,,防犯体制をより確立するため、次の各号に掲げる事項に十分注意しなければならない。,使用細則,
一般使用細則,4,（防犯）,1項,一,玄関ドアは常に施錠し、ドアガードをかけておくこと,使用細則,
一般使用細則,4,（防犯）,1項,二,来客の応対はインターホン及びドアスコープで確認の上開扉すること,使用細則,
一般使用細則,4,（防犯）,1項,三,未知の来客については、ドアガードをつけたままで開扉すること,使用細則,
一般使用細則,5,（理事長の事前承諾又は連絡を要する事項 ）,1項,,建物の保全及び対象物件内の秩序を維持するため、次の各号に掲げる事項については事前に理事長の書面による同意を得なければならない。,使用細則,
一般使用細則,5,（理事長の事前承諾又は連絡を要する事項 ）,1項,一,ピアノ等重量物の搬出入、移動、建物の構造物の変更等、建物の耐久力を害し、又は外観を損ねるおそれのあるとき,"使用細則, 生活音, 苦情, 騒音",
一般使用細則,5,（理事長の事前承諾又は連絡を要する事項 ）,1項,二,電気、ガス、給排水、通信等諸設備、機械器具類を新設、付加、除去又は変更するとき,使用細則,
一般使用細則,5,（理事長の事前承諾又は連絡を要する事項 ）,1項,三,専有部分を除く建物の内外に看板、掲示板、広告、宣伝商号文書、図書類、標識等の設置、貼付け又は記入するとき,使用細則,
一般使用細則,5,（理事長の事前承諾又は連絡を要する事項 ）,1項,四,多数が集まるパーティーを開催するとき,使用細則,
一般使用細則,5,（理事長の事前承諾又は連絡を要する事項 ）,1項,五,区分所有者が他人に貸与し入居者が変わるとき,使用細則,
一般使用細則,5,（理事長の事前承諾又は連絡を要する事項 ）,1項,六,専有部分内の内装工事等を行うとき,使用細則,
一般使用細則,5,（理事長の事前承諾又は連絡を要する事項 ）,55項,,七 玄関扉に補助錠を取付けるとき,使用細則,
一般使用細則,5,（理事長の事前承諾又は連絡を要する事項 ）,55項,八,窓ガラス等の開口部改良工事を行うとき,使用細則,
一般使用細則,5,（理事長の事前承諾又は連絡を要する事項 ）,55項,九,ホームオフィスとして使用するとき,"ホームオフィス, 事務所利用, 使用細則, 在宅勤務",
一般使用細則,5,（理事長の事前承諾又は連絡を要する事項 ）,55項,十,ペットを飼育するとき十一 防犯カメラの記録映像の閲覧を行うとき,"ペット, 使用細則, 動物, 監視, 防犯, 防犯カメラ, 飼育",
一般使用細則,6,（禁止事項 ）,1項,,秩序の維持向上のため、次に掲げる事項は禁止する。,使用細則,
一般使用細則,6,（禁止事項 ）,1項,一,敷地内通路における駐車,使用細則,
一般使用細則,6,（禁止事項 ）,1項,二,敷地内における所定の場所以外の駐車及び駐輪,使用細則,
一般使用細則,6,（禁止事項 ）,1項,三,専有部分を、居住並びに定められた用途以外に使用すること,使用細則,
一般使用細則,6,（禁止事項 ）,1項,四,騒音、悪臭を伴う行為、風俗、美観上好ましくない用途、不潔、嫌悪を感じる用途に使用すること,"使用細則, 生活音, 苦情, 騒音",
一般使用細則,6,（禁止事項 ）,1項,五,専有部分の基本構造を変更したり、その外観を変更すること,使用細則,
一般使用細則,6,（禁止事項 ）,1項,六,本物件の電気、ガス、給排水等の諸施設の許容量及び他の居住者に影響を及ぼす施設、機械器具等（ディスポーザー等）を新設、附加又は変更すること,使用細則,
一般使用細則,6,（禁止事項 ）,1項,七,玄関ホールをはじめ共用部分において高声高吟をしたり足音を響かせること,使用細則,
一般使用細則,6,（禁止事項 ）,1項,八,住居内においても近隣の迷惑になるような騒音を発する行為をすること,"使用細則, 生活音, 苦情, 騒音",
一般使用細則,6,（禁止事項 ）,1項,九,エントランスホール、共用廊下、エレベーター内等で喫煙すること,"エレベーター, 使用細則, 喫煙, 昇降機, 煙草, 禁煙",
一般使用細則,6,（禁止事項 ）,1項,十,共用部分の不法占有及び共用部分（共用廊下等） に私物を置くこと十一 塵芥及びタバコの吸殻などを所定の場所以外に放棄したり放痰すること十二 窓等から物を投げ捨てること十三 水栓の開放、漏洩、漏水のまま放置すること十四 重量物、発火、爆発のおそれがある危険物又は不潔悪臭のある物品、その他、他に迷惑をかける物品などの持ち込み及び製造をすること十五 バルコニー等にサンルーム、物置等これに類する構築物を構築又は設置すること十六 バルコニー等の手すりに布団 ・洗濯物等を掛けて干すこと十七 バルコニー等に既設の物干し器具の高さを超える物干しを設置すること十八 ねまき、下着等の姿で、共用廊下 ・階段を歩くこと十九 共用廊下 ・階段、エレベーターその他の壁面、床、手すり等に落書、疵をつけるこ と二十 派遣要員に私的雑用を依頼すること二十一 他の居住者に迷惑を及ぼしたり、不快の念を抱かせる行為をすること二十二 対象物件の周辺道路に迷惑駐車すること二十三 理事長からの特別な指示がある場合を除いてバルコニー等に空調機の室外機を床に設置しないで天井 ・壁面に設置すること二十四 その他、公序良俗に反する行為及び他の居住者に迷惑、危害を及ぼす行為をすること,"エレベーター, ゴミ, バルコニー, ベランダ, 使用細則, 専用庭, 廃棄物, 昇降機, 粗大ゴミ",
一般使用細則,7,（マンションの破損等 ）,1項,,区分所有者は、故意又は過失により、共用部分、エレベーターその他の諸設備を毀損したときは賠償の責を負うものとする。,"エレベーター, 使用細則, 昇降機",
一般使用細則,7,（マンションの破損等 ）,2項,,居住者を訪問した来客が廊下、ホール等共用部分又はその附属物を破損した場合はその居住者が賠償の責を負うものとする。,使用細則,
一般使用細則,8,（意見等 ）,1項,,他の居住者への意見、批判等は、管理組合理事会に直接申し出てその決定に従うものとする。,使用細則,
一般使用細則,8,（意見等 ）,56項,,附 則,使用細則,
一般使用細則,1,（効力発生 ）,,,本細則は、対象物件管理規約発効の日から施行する。,使用細則,
一般使用細則,2,（改廃）,1項,,本細則の改廃は、総会の決議により行う。,使用細則,
一般使用細則,2,（改廃）,2項,,本細則に定めのない事項については、理事会で協議し決定する。,使用細則,
ホームオフィス使用細則,1,（基本原則 ）,,,対象物件の居住者は、その専有部分の一部をホームオフィス（住居兼事務所）として使用できるものとする。ただし、在宅で業務を行う職業に就いている居住者が住宅として使用しながら業務を行う場合に限る。,"ホームオフィス, 事務所利用, 使用細則, 在宅勤務",
ホームオフィス使用細則,2,（遵守義務 ）,,,専有部分の一部をホームオフィスとして使用する居住者は、ホームオフィスに勤務する者に対し、本細則を誠実に遵守させ、管理組合の指示に従わなければならない。,"ホームオフィス, 事務所利用, 使用細則, 在宅勤務",
ホームオフィス使用細則,3,（業種の制限及び条件 ）,1項,,ホームオフィスの業務種目については、いかなる理由があれども風俗営業法に定める業種及び消費者金融、飲食店、物品販売業、サービス業は認めず、下記条件を満たす場合に限る。また、下記条件を満たしても、管理組合が不適当と判断した場合については、事由の如何を問わず認められないものとする。,"ホームオフィス, 事務所利用, 使用細則, 在宅勤務",
ホームオフィス使用細則,3,（業種の制限及び条件 ）,1項,一,集客を目的としないこと,"ホームオフィス, 事務所利用, 使用細則, 在宅勤務",
ホームオフィス使用細則,3,（業種の制限及び条件 ）,1項,二,当該専有部分に隣接する左右、上下階に迷惑な騒音 ・臭気・ 振動等が発生しないこと三 危険物、汚物等を取り扱わないこと,"ホームオフィス, 事務所利用, 使用細則, 在宅勤務, 生活音, 苦情, 騒音",
ホームオフィス使用細則,3,（業種の制限及び条件 ）,1項,四,下記以外の業種であること（1） 風俗営業（例 ・バー、キャバレー、ダンスホール、ナイトクラブ等）、性風俗関連特殊営業、消費者金融業、ゲームセンター、カラオケボックス、マージャン店等の遊技場、物品販売業、サービス業、深夜営業を伴う業種、その他、美容室、ネイルサロン、マッサージ、エステ、ペット関連等の店舗としての営業（2） 塾、教室等の業種（3） 宗教団体、政治団体等、勧誘を目的とする業種（4） 暴力団等の公序良俗に反する業種（5） 他の居住者及び近隣に迷惑を及ぼすおそれのある用途を目的とする業種,"ペット, ホームオフィス, 事務所利用, 使用細則, 動物, 在宅勤務, 飼育",
ホームオフィス使用細則,4,（ホームオフィス名表示の制限 ）,,,ホームオフィス名の表示は１階メールボックスのみとし、看板等については設置できないものとする。なお、１階メールボックスの表示については、個人名と併記とする。また、玄関扉、外壁、バルコニー等、窓ガラス等に看板やシールを設置してはならず、文字の書き込みも禁止するものとする。,"バルコニー, ベランダ, ホームオフィス, 事務所利用, 使用細則, 在宅勤務, 専用庭",
ホームオフィス使用細則,5,（届け出 ）,1項,,専有部分の一部をホームオフィスとして使用する居住者は、業務の開始 ・業務種目の変更 ・廃業・転売については、理事長に３０日以前に書面（別記様式６）をもって届出を行い、許可を得な ければならない。また、第三者に譲渡 ・賃貸・ 占有せしめる場合においても同様とし、当該居住者は、第三者に対しても充分に認識せしめること。,"ホームオフィス, 事務所利用, 使用細則, 在宅勤務",
ホームオフィス使用細則,5,（届け出 ）,2項,,専有部分の一部をホームオフィスとして使用する居住者は、緊急連絡先届に勤務する者全員の氏名を記入しなければならない。,"ホームオフィス, 事務所利用, 使用細則, 在宅勤務",
ホームオフィス使用細則,6,（事前承認事項 ）,1項,,専有部分の一部をホームオフィスとして使用する居住者は、次の各号に掲げる行為を行う場合は、事前に書面（別記様式６）にて理事会の承認を得なければならない。ただし、内容により理事会承認を得られない場合があることを了承すること。,"ホームオフィス, 事務所利用, 使用細則, 在宅勤務",
ホームオフィス使用細則,6,（事前承認事項 ）,1項,一,ホームオフィスにて行う会社（法人）定款の変更,"ホームオフィス, 事務所利用, 使用細則, 在宅勤務",
ホームオフィス使用細則,6,（事前承認事項 ）,1項,二,業務種目、屋号等の変更,"ホームオフィス, 事務所利用, 使用細則, 在宅勤務",
ホームオフィス使用細則,6,（事前承認事項 ）,58項,,三 大規模改修、模様替え、修繕等,"ホームオフィス, 事務所利用, 使用細則, 在宅勤務",
ホームオフィス使用細則,6,（事前承認事項 ）,58項,四,電気容量・情報通信機器の増設。ただし、戸数制限を受け、変更できない場合があること,"ホームオフィス, 事務所利用, 使用細則, 在宅勤務",
ホームオフィス使用細則,6,（事前承認事項 ）,58項,五,その他、本細則および管理規約にて承認を要するとされる行為,"ホームオフィス, 事務所利用, 使用細則, 在宅勤務",
ホームオフィス使用細則,7,（禁止事項 ）,1項,,専有部分の一部をホームオフィスとして使用する居住者は、次の各号に掲げる行為をしてはならない。,"ホームオフィス, 事務所利用, 使用細則, 在宅勤務",
ホームオフィス使用細則,7,（禁止事項 ）,1項,一,放送、カラオケ等、専有部分以外に騒音の影響がある行為,"ホームオフィス, 事務所利用, 使用細則, 在宅勤務, 生活音, 苦情, 騒音",
ホームオフィス使用細則,7,（禁止事項 ）,1項,二,共用部分への装飾品、日除け、パーゴラ等の仮設物の取 付・設置,"ホームオフィス, 事務所利用, 使用細則, 在宅勤務",
ホームオフィス使用細則,7,（禁止事項 ）,1項,三,建物の主要構造部分（梁、壁面等）を欠損させる行為,"ホームオフィス, 事務所利用, 使用細則, 在宅勤務",
ホームオフィス使用細則,7,（禁止事項 ）,1項,四,設備関係機器、配管、配線を欠損させる行為,"ホームオフィス, 事務所利用, 使用細則, 在宅勤務",
ホームオフィス使用細則,7,（禁止事項 ）,1項,五,設備諸室への無断立ち入り,"ホームオフィス, 事務所利用, 使用細則, 在宅勤務",
ホームオフィス使用細則,7,（禁止事項 ）,1項,六,空調設備（エアコン） 等の室外機の指定場所以外への設置,"ホームオフィス, 事務所利用, 使用細則, 在宅勤務",
ホームオフィス使用細則,8,（違反に対する措置 ）,1項,,理事会は、専有部分の一部をホームオフィスとして使用する居住者が、次の各号に掲げる行為を行った場合は警告を行い、当該行為の即時中止又は原状回復を求めることができる。,"ホームオフィス, 事務所利用, 使用細則, 在宅勤務",
ホームオフィス使用細則,8,（違反に対する措置 ）,1項,一,前条に規定する禁止事項を違反したとき,"ホームオフィス, 事務所利用, 使用細則, 在宅勤務",
ホームオフィス使用細則,8,（違反に対する措置 ）,1項,二,その他、本細則に違反したとき,"ホームオフィス, 事務所利用, 使用細則, 在宅勤務",
ホームオフィス使用細則,8,（違反に対する措置 ）,2項,,前条に定めた原状回復に要する費用は、全て当該居住者等が負担するものとする。,"ホームオフィス, 事務所利用, 使用細則, 在宅勤務",
ホームオフィス使用細則,9,（大規模改修、模様替え、修繕等 ）,,,専有部分の一部をホームオフィスとして使用する居住者は、その専有部分の内装（大規模改修、模様替え、修繕 等・設備）工事をするにあたり、必ず事前に工事設計図書等を理事長（引渡し前は売主。以下同じ）に提出し、その専有部分の防災機器等の取付、並びに機能について、理事会の承認を受けなければならない。ただし、工事の内容によっては、理事会に承認されない場合があることを了承すること。なお、関連法令上の必要な資料等を理事会より提示の依頼があった場合は、これに協力するものとする。また、消防法、建築基準法等関連法令を遵守するとともに、他の法令等に従うこと。,"ホームオフィス, 事務所利用, 使用細則, 在宅勤務, 消防, 火災, 防火",
ホームオフィス使用細則,10,（騒音・臭気 ）,,,専有部分の一部をホームオフィスとして使用する居住者は、業務上といえども他の居住者に迷惑を及ぼすおそれのある 外観・衛生・臭気・ 騒音及び振動等が出ないように務め、万一、問題が生じた場合には自らの責任と負担において対処すること。,"ホームオフィス, 事務所利用, 使用細則, 在宅勤務, 生活音, 苦情, 騒音",
ホームオフィス使用細則,11,（ゴミ処理 ）,,,専有部分の一部をホームオフィスとして使用する居住者は、ホームオフィスで生ずる事業系一般廃棄物、産業廃棄物等及び大量のゴミの処理については、発生の都度処理し、居住者の責任と負担において対処すること。また、悪臭の発生等により他の居住者に迷惑を及ぼさぬこと。なお、対象物件内のゴミ置場及び共用部分には保管が一切できないこと。,"ゴミ, ホームオフィス, 事務所利用, 使用細則, 在宅勤務, 廃棄物, 粗大ゴミ",
ホームオフィス使用細則,12,（営業時間 ）,,,専有部分の一部をホームオフィスとして使用する居住者は、営業時間を午前８時から午後１０時の間に設定するものとする。また、営業時間内であっても午後７時以降は他の居住者にできるだけ迷惑が及ばないように配慮しなければならない。営業時間前の準備及び営業時間後の後かたづけについても同様とする。,"ホームオフィス, 事務所利用, 使用細則, 在宅勤務",
ホームオフィス使用細則,13,（駐車場 ）,,,来客者の車両については、専有部分の一部をホームオフィスとして使用する居住者の責任において対処するものとする。,"ホームオフィス, 事務所利用, 使用細則, 在宅勤務, 自動車, 車, 駐車場",
ホームオフィス使用細則,14,（その他 ）,1項,,ホームオフィスへの来客に伴う自転車及びバイク等については、住民の迷惑とならないように各ホームオフィスにおいて責任ある管理を行うこと。,"ホームオフィス, 事務所利用, 使用細則, 在宅勤務, 自転車, 自転車置場, 駐輪場",
ホームオフィス使用細則,14,（その他 ）,59項,,附 則,"ホームオフィス, 事務所利用, 使用細則, 在宅勤務",
ホームオフィス使用細則,1,（効力発生 ）,,,本細則は、対象物件管理規約発効の日から施行する。,"ホームオフィス, 事務所利用, 使用細則, 在宅勤務",
ホームオフィス使用細則,2,（改廃）,1項,,本細則の改廃は、総会の決議により行う。,"ホームオフィス, 事務所利用, 使用細則, 在宅勤務",
ホームオフィス使用細則,2,（改廃）,60項,,別記様式６ホームオフィス使用申請書プレサンス  ロジェ 岐阜 長良橋通り管理組合理事 長 殿（申込者 ） 年 月 日プレサンス  ロジェ 岐阜 長良橋通 り 号室○印私は、プレサンス ロジェ 岐阜 長良橋通りの専有部分の一部をホームオフィスとして使用したいので、管理規約第３３条及びホームオフィス使用細則第５条の規定により以下の通り申込みいたします。１.業務開始 日  年 月 日２.業務時間帯  午前・午後  時 分～ 午前・午後  時 分３.屋号等４.業務の種 類５.業務内容切り取らないホームオフィス使用誓約書プレサンス  ロジェ 岐阜 長良橋通り管理組合理事 長 殿（申込者 ） 年 月 日プレサンス  ロジェ 岐阜 長良橋通 り 号室○印私は、プレサンス ロジェ 岐阜 長良橋通りの専有部分の一部をホームオフィスとして使用するにあ たり、ホームオフィス使用細則、管理規約の内容を遵守し、迷惑を掛けません。万が一違反した場合には、ホームオフィス使用細則第１条に基づき、管理組合の指示に従うことを誓約いたします。切り取りホームオフィス使用許可証プレサンス  ロジェ 岐阜 長良橋通 り 号室年 月 日様プレサンス  ロジェ 岐阜 長良橋通り管理組合理事長㊞申請のあったホームオフィスの使用について、承認します。※本書記載の個人情報に関しては、次に定める場合の他、規約及び使用細則の定めに基づく管理組合運営のために必要な場合に限り使用いたします。,"ホームオフィス, 事務所利用, 使用細則, 在宅勤務",
ホームオフィス使用細則,2,（改廃）,61項,,１．公的捜査機関の捜査要請により通知する場合２．管理委託契約の通知義務に基づき委託管理会社に通知する場合,"ホームオフィス, 事務所利用, 使用細則, 在宅勤務",
ホームオフィス使用細則,2,（改廃）,62項,,別記様式６ホームオフィス使用中止届プレサンス ロジェ 岐阜 長良橋通り管理組合理事 長 殿（申込者 ） 年 月 日プレサンス  ロジェ 岐阜 長良橋通 り 号室○印私は、プレサンス  ロジェ 岐阜 長良橋通り  の専有部分の一部をホームオフィスとしての使用を中止したいのでホームオフィス使用細則第５条の規定により以下の通り届出いたします。１.使用中止 日  年 月 日切り取らないホームオフィス使用変更申請書プレサンス ロジェ 岐阜 長良橋通り管理組合理事 長 殿（申込者 ） 年 月 日プレサンス  ロジェ 岐阜 長良橋通 り 号室○印私は、使用中のホームオフィスについて変更をしたいので、以下の通り申請いたします。１.変更開始日   年 月 日２.業務時間 帯 午前・午 後 時 分～  午前・午後  時 分３.屋号等４.業務の種類５.業務内容６．その他切り取りホームオフィス変更許可証プレサンス  ロジェ 岐阜 長良橋通 り 号室 年 月 日様プレサンス  ロジェ 岐阜 長良橋通り管理組合理事長㊞申請のあったホームオフィスの変更について、承認します。※本書記載の個人情報に関しては、次に定める場合の他、規約及び使用細則の定めに基づく管理組合,"ホームオフィス, 事務所利用, 使用細則, 在宅勤務",
ホームオフィス使用細則,2,（改廃）,63項,,運営のために必要な場合に限り使用いたします。１．公的捜査機関の捜査要請により通知する場合２．管理委託契約の通知義務に基づき委託管理会社に通知する場合,"ホームオフィス, 事務所利用, 使用細則, 在宅勤務",
駐車場使用細則,1,（駐車場使用契約 ）,,,本駐車場の使用を希望する区分所有者及び占有者は、管理組合と所定の駐車場契約を締結しなければならない。,"使用細則, 細則, 自動車, 車, 駐車場",
駐車場使用細則,2,（使用の申込及び使用者の決定 ）,,,本駐車場の使用を希望する区分所有者及び占有者は、理事長に申し込み、理事長は使用場所を指定 する。,"使用細則, 細則, 自動車, 車, 駐車場",
駐車場使用細則,3,（使用台数 ）,,,本駐車場の使用台数は１住戸１台までとし、引渡後空駐車場がある場合は、管理組合の定める方法 にて使用希望者より補充する。ただし、１台目の駐車希望者がある場合は優先的に使用できるものと し、空駐車場がない場合は、２台目契約車両を解約し、１台目の駐車希望者が使用できるものとする。,"使用細則, 細則, 自動車, 車, 駐車場",
駐車場使用細則,4,（用途及び車両制限 ）,1項,,本駐車場は、車両の駐車以外の用に供してはならない。また、使用できる車両は、契約区画内に駐車可能（乗降スペース含む）な車両とする。なお、制限サイズ以上の車両を入庫したことにより、当該車両が損傷した場合、管理組合は一切の責任を負わないものとする。又、損傷の修理に関しては、対象物件に係る保険等（管理組合用含む）は一切使用できないため、当該車両の保険等を使用し、自己の責任と負担において補修するものとする。,"使用細則, 細則, 自動車, 車, 駐車場",
駐車場使用細則,4,（用途及び車両制限 ）,2項,,"駐車できる車両は一般乗用車とし、下記収用可能車両に限る。タイプ区画番号台数使用料 収容車諸元（単位： mm または kg）全長 全幅 全高 重量エレベーターパーキング(１号機) No.1～16 16 6,0005,0151,850 1,550 2,000 No.17～24 8 7,000 1,800No.25～40 16 8,000 2,050 2,500エレベーターパーキング(２号機) No.41～56 16 8,5005,3002,050 1,5502,500 No.57～64 8 9,500 1,800No.65・66・69・70【EV 対応】 4 11,5002,050No.67・68・71～80 12 10,500※No.65・66・69・70 は電気自動車充電用コンセントが設置されています。（急速充電ではありません）※入出庫操作にＩＣカードを使用することにより待ち時間の短い契約サイズの空パレットを自動で選定します。特定の区画番号に駐車するということはありません。但し、電気自動車充電用パレットは除きます。※最低地上高さは 110 ㎜となります。","EV, エレベーター, 使用細則, 充電設備, 昇降機, 細則, 自動車, 車, 電気自動車, 駐車場",
駐車場使用細則,4,（用途及び車両制限 ）,65項,,"※入庫時の際はドアミラーを必ず折りたたんで下さい。※駐車パレットの左右は 140 ㎜の立上りがあるため、オプションのパーツの装着等によりドアが開かないことがあります。※上記サイズに適合しても車種やアンテナ・キャリア・スペアタイヤなどの装飾品により駐車できない場合があります。※上記重量は積載物を含めての重量となります。タイプ区画番号台数使用料 収容車諸元（単位： mm または kg）全長 全幅 全高 重量屋内駐車場(平面式) No.81・82【EV 対応】 2 18,0005,300 2,800 2,300 -屋外駐車場(平面式) No.83・84【EV 対応】 2 15,000 2,500 - -※区画サイズは収納可能サイズではありません。※電気自動車専用コンセントが設置されています。※急速充電ではありません。","EV, 使用細則, 充電設備, 細則, 自動車, 車, 電気自動車, 駐車場",
駐車場使用細則,5,（使用権の譲渡又は貸与 ）,,,本駐車場を使用する区分所有者及び占有者は、本駐車場使用に関する権利を他に譲渡若しくは、その場所を他に転貸することはできない。ただし、転貸の相手が区分所有者と生計を共にする同居人であるとき、又は予め管理組合の書面による承諾を得たときはこの限りでない。,"使用細則, 細則, 自動車, 車, 駐車場",
駐車場使用細則,6,（専有部分の譲渡 ）,,,本駐車場を使用する区分所有者は、専有部分を第三者に譲渡したときは、本駐車場使用に関する使用権を失い、使用場所を直ちに管理組合に明け渡さなければならない。,"使用細則, 細則, 自動車, 車, 駐車場",
駐車場使用細則,7,（使用権の明け渡し ）,,,本駐車場の使用者は長期間（３ヶ月）に亘って、使用場所を駐車場として使用しない場合は、その使用権を失い、無条件で管理組合に明け渡さなければならない。,"使用細則, 細則, 自動車, 車, 駐車場",
駐車場使用細則,8,（鍵の貸与及び返却 ）,,,理事長は、本駐車場を使用する区分所有者に対し、機械式駐車場操作のための鍵を貸与する。本駐車場を使用する区分所有者は、本契約が終了した際には、速やかに理事長に対し鍵を返却しなければならない。なお、鍵を紛失した場合は、本駐車場を使用する区分所有者の責任と負担において処理するものとする。,"使用細則, 細則, 自動車, 車, 駐車場",
駐車場使用細則,9,（損害賠償 ）,,,本駐車場を使用する区分所有者は、使用場所を自己の責任において管理するものとし、車両の破損、盗難、駐車中の事故、他の車両との事故並びに人身事故等の損害及び賠償を管理組合及び管理会社に請求することはできない。また、事故発生時は速やかに理事長に連絡すること。,"使用細則, 細則, 自動車, 車, 駐車場",
駐車場使用細則,10,（使用料金の納入 ）,,,本駐車場を使用する区分所有者及び占有者は、別に定める使用料を管理組合の指定する日までに支払うものとし、３ヶ月以上使用料を支払わないときは、その使用権を失うものとする。,"使用細則, 細則, 自動車, 車, 駐車場",
駐車場使用細則,11,（保管場所使用承諾証明書の発行 ）,,,本駐車場を使用する区分所有者及び占有者が、車庫証明申請のため保管場所使用承諾証明書を必要とするときは、管理組合理事長宛に申請するものとし、管理組合は当該証明書を発行するものとする。,"使用細則, 細則, 自動車, 車, 駐車場",
駐車場使用細則,12,（注意及び遵守事項 ）,1項,,本駐車場使用者は、次の各号に掲げる事項を注意及び遵守しなければならない。,"使用細則, 細則, 自動車, 車, 駐車場",
駐車場使用細則,12,（注意及び遵守事項 ）,1項,一,自動車内に貴重品、その他物品を留置しないこと。また、ドア、トランク等は必ず施錠すること,"使用細則, 細則, 自動車, 車, 駐車場",
駐車場使用細則,12,（注意及び遵守事項 ）,1項,二,本駐車場内では、禁煙を厳守するほか、火気を使用しないこと,"使用細則, 喫煙, 煙草, 禁煙, 細則, 自動車, 車, 駐車場",
駐車場使用細則,12,（注意及び遵守事項 ）,1項,三,発火・爆発性及び引火性の危険物を本駐車場内に持ち込まないこと,"使用細則, 細則, 自動車, 車, 駐車場",
駐車場使用細則,12,（注意及び遵守事項 ）,1項,四,本駐車場では、他の物品を留置等、駐車以外の用途には使用しないこと,"使用細則, 細則, 自動車, 車, 駐車場",
駐車場使用細則,12,（注意及び遵守事項 ）,1項,五,警笛を鳴らし又はドアを強く閉める等、騒音を生じる行為をしないこと,"使用細則, 生活音, 細則, 自動車, 苦情, 車, 駐車場, 騒音",
駐車場使用細則,12,（注意及び遵守事項 ）,1項,六,本駐車場内の秩序を著しく乱し、他の利用者に迷惑を及ぼす行為をしないこと,"使用細則, 細則, 自動車, 車, 駐車場",
駐車場使用細則,12,（注意及び遵守事項 ）,1項,七,集会、消防訓練、施設の保守点検、その他管理組合が必要と認めた場合、管理組合は、本駐車場の使用者に対して当該部分の供与を申し出ることができ、この場合、使用者は、協力すること,"使用細則, 消防, 火災, 細則, 自動車, 車, 防火, 駐車場",
駐車場使用細則,12,（注意及び遵守事項 ）,1項,八,本駐車場内での空噴かしをしないこと,"使用細則, 細則, 自動車, 車, 駐車場",
駐車場使用細則,12,（注意及び遵守事項 ）,66項,,九 駐車場設備への看板、貼札等をしないこと,"使用細則, 細則, 自動車, 車, 駐車場",
駐車場使用細則,12,（注意及び遵守事項 ）,66項,十,大雨、台風等により、冠水のおそれがある場合には使用者の責任において速やかに車両を退避させること十一 機械式駐車場のパレット内に駐車する際、車種によっては、車輪止めの位置を調整する必要があること。また、調整を行う場合は有償となること,"使用細則, 細則, 自動車, 車, 駐車場",
駐車場使用細則,13,（管理運営 ）,,,理事長は、本駐車場に関する事務手続き及び会計業務を行う。,"使用細則, 細則, 自動車, 車, 駐車場",
駐車場使用細則,14,（使用料金の改定 ）,,,使用料金は、理事会が提案し総会の議決によって変更される場合がある。,"使用細則, 細則, 自動車, 車, 駐車場",
駐車場使用細則,附則1,（効力発生 ）,,,本細則は、対象物件管理規約発効の日から施行する。,"使用細則, 細則, 自動車, 車, 駐車場",
駐車場使用細則,附則2,（改 廃）,1項,,本細則の改廃は、総会の決議により行う。,"使用細則, 細則, 自動車, 車, 駐車場",
駐車場使用細則,附則2,（改 廃）,2項,,本細則に定めのない事項については、理事会で協議し決定する。,"使用細則, 細則, 自動車, 車, 駐車場",
駐車場使用細則,附則2,（改 廃）,67項,,別記様式７- １（駐車場使用細則第１条関係）プレサンス  ロジェ 岐阜 長良橋通り駐車場使用契約書プレサンス ロジェ 岐阜 長良橋通り管理組合（以下｢甲｣という｡）とプレサンス ロジェ  岐阜 長良橋通り（以下「対象物件」という 。） 号室 （以下｢乙｣という｡）とは、対象物件管理規約第１５条に基づき、次の条項により駐車場使用契約（以下｢本契約｣という｡）を締結する。,"使用細則, 細則, 自動車, 車, 駐車場",
駐車場使用細則,附則1,（目的）,,,甲はその管理にかかる駐車場  番を乙の自動車駐車を目的として、乙に使用させるものとする。なお、使用できる車両は契約区画内に駐車可能（乗降スペース含む）な車両とする。,"使用細則, 細則, 自動車, 車, 駐車場",
駐車場使用細則,附則2,（使用権の譲渡、転貸 ）,,,乙は駐車場使用権を如何なる第三者にも譲渡し、若しくは転貸することはできない。ただし、当該譲渡又は貸与の相手が生計を共にする同居人、又は予め管理組合の書面による承諾を得たときはこの限りでない。,"使用細則, 細則, 自動車, 車, 駐車場",
駐車場使用細則,附則3,（使用料 ）,1項,,駐車場使用料は１ヶ月 金 円也とする。乙は当月分使用料を当月指定日までに甲の指定する方法によって甲に支払うものとする。ただし、月の途中での契約締結の場合、１ヶ月未満の料金は日割り金額（１ヶ月分の金額を当該月の暦日数で除し、契約期間開始日を含む月末までの日数を乗じ、１０円未満の端数を四捨五入したもの）とする。,"使用細則, 細則, 自動車, 車, 駐車場",
駐車場使用細則,附則3,（使用料 ）,2項,,将来、物価水準の騰落、及び他の駐車場使用料との比較上、又はその他の事情により使用料が不適当となった場合は、第４条の契約期間内であっても甲が管理規約の定めに基づき、これを相当な額に改定することができるものとする。,"使用細則, 細則, 自動車, 車, 駐車場",
駐車場使用細則,附則4,（契約期間 ）,1項,,本契約期間 は 年 月 日から  年 月末日までとする。,"使用細則, 細則, 自動車, 車, 駐車場",
駐車場使用細則,附則4,（契約期間 ）,2項,,本契約期間満了２ヶ月前までに甲から別段の申し出がないときは、本契約は期間満了の翌日より、引き続き同一条件をもって１年毎に自動的に更新されるものとする。,"使用細則, 細則, 自動車, 車, 駐車場",
駐車場使用細則,附則5,（鍵の貸与及び返却 ）,,,甲は、乙に対し、機械式駐車場操作のための鍵を貸与する。乙は、本契約が終了した際には、速やかに甲に対し鍵を返却しなければならない。なお、鍵を紛失した場合は、乙の責任と負担において処理するものとする。,"使用細則, 細則, 自動車, 車, 駐車場",
駐車場使用細則,附則6,（使用上遵守事項 ）,1項,,乙は、駐車場の使用に関し管理規約並びに駐車場使用細則の関係条項を遵守するほか、次の各号,"使用細則, 細則, 自動車, 車, 駐車場",
駐車場使用細則,附則6,（使用上遵守事項 ）,68項,,に掲げる事項を守らなければならない。,"使用細則, 細則, 自動車, 車, 駐車場",
駐車場使用細則,附則6,（使用上遵守事項 ）,68項,一,甲の指示及び場内標識に従い、安全に留意すること,"使用細則, 細則, 自動車, 車, 駐車場",
駐車場使用細則,附則6,（使用上遵守事項 ）,68項,二,乙は、第１条で制限された車両高さより高く積荷した車両を入場させないこと,"使用細則, 細則, 自動車, 車, 駐車場",
駐車場使用細則,附則6,（使用上遵守事項 ）,68項,三,入庫した車両はサイドブレーキをしっかり掛け、ドアの施錠等をすること,"使用細則, 細則, 自動車, 車, 駐車場",
駐車場使用細則,附則6,（使用上遵守事項 ）,68項,四,駐車場内で警笛及びエンジン調整、暖機運転等により騒音を発しないこと,"使用細則, 生活音, 細則, 自動車, 苦情, 車, 駐車場, 騒音",
駐車場使用細則,附則6,（使用上遵守事項 ）,68項,五,駐車場内の施設又は器具等に汚損、毀損を与えたときは、速やかに理事長に連絡し、その指示を受けること,"使用細則, 細則, 自動車, 車, 駐車場",
駐車場使用細則,附則6,（使用上遵守事項 ）,68項,六,深夜及び早朝の入出庫においては、居住者に迷惑をかけないこと,"使用細則, 細則, 自動車, 車, 駐車場",
駐車場使用細則,附則6,（使用上遵守事項 ）,68項,七,駐車場内には自動車以外の物を置かないこと,"使用細則, 細則, 自動車, 車, 駐車場",
駐車場使用細則,附則6,（使用上遵守事項 ）,68項,八,ガソリン揮発油等引火性の高いものその他、発火性の高い危険物等を一切持ち込んではならないこと（ただし、自動車燃料タンク内のものは除く。）,"使用細則, 細則, 自動車, 車, 駐車場",
駐車場使用細則,附則6,（使用上遵守事項 ）,68項,九,煙草の吸殻、塵芥等は所定の場所に捨てること十 駐車場内では喫煙しないこと十一出場車優先通行のこと十二 駐車場内への車の駐車方法は敷地に充分なスペースが無いため慎重に運転操作を行うこと十三 定められた位置まで乗り入れること十四 駐車場使用に伴う事故については、事故当事者間において責任をもって解決すること十五 大雨、台風等により、冠水のおそれがある場合には乙の責任において速やかに車両を退避させること十六 機械式駐車場のパレット内に駐車する際、車種によっては、車輪止めの位置を調整する必要があること。また、調整を行う場合は有償となること十七 その他、対象物件の居住環境を阻害する行為をしないこと,"ゴミ, 使用細則, 喫煙, 廃棄物, 煙草, 禁煙, 粗大ゴミ, 細則, 自動車, 車, 駐車場",
駐車場使用細則,附則7,（賠償責任 ）,1項,,甲は天災地変、盗難、火災、暴動等理由の如何を問わず、乙が被った被害に対し賠償の責を負わないものとする。,"使用細則, 消防, 火災, 細則, 自動車, 車, 防火, 駐車場",
駐車場使用細則,附則7,（賠償責任 ）,2項,,乙又はその関係者が故意若しくは過失により、駐車場又は対象物件諸施設に損害を与えた場合、乙は遅滞なくその損害全額について賠償しなければならないものとする。,"使用細則, 細則, 自動車, 車, 駐車場",
駐車場使用細則,附則7,（賠償責任 ）,3項,,乙又はその関係者が制限サイズ以上の車両を入庫したことにより、当該車両が損傷した場合、甲は一切の責任を負わないものとする。また、損傷の修理に関しては、対象物件に係る保険等（管理組合用含む）は一切使用できないため、当該車両の保険等を使用し、乙の責任と負担において補修するものとする。,"使用細則, 細則, 自動車, 車, 駐車場",
駐車場使用細則,附則8,（契約解除 ）,1項,,乙が３ヶ月以上管理費 ・修繕積立金及び各種使用料の支払を怠った場合、甲は乙に対し通知、催,"使用細則, 修繕積立金, 管理費, 細則, 自動車, 費用負担, 車, 長期修繕, 駐車場",
駐車場使用細則,附則8,（契約解除 ）,69項,,告を要せず本契約を解除し得るものとする。,"使用細則, 細則, 自動車, 車, 駐車場",
駐車場使用細則,附則8,（契約解除 ）,2項,,乙が本契約を解約する場合は、甲に対し、１ヶ月前までに書面にて届け出るものとする。なお、解約月の駐車場使用料の日割精算は行わないものとし、解約書面の届出日の翌月末日までの使用料を乙は甲に支払うものとする。,"使用細則, 細則, 自動車, 車, 駐車場",
駐車場使用細則,附則8,（契約解除 ）,3項,,第４条の契約期間中であっても、乙が対象物件の区分所有権を失ったときは本契約は当然解除されるものとする。,"使用細則, 細則, 自動車, 車, 駐車場",
駐車場使用細則,附則8,（契約解除 ）,4項,,乙が本契約及び管理規約・駐車場使用細則の各条項に違反したとき、又は正当な理由なく甲の指 示に従わないときは、甲は本契約を解除することができる。この解除について乙は何ら異議申し立てはできないものとする。,"使用細則, 細則, 自動車, 車, 駐車場",
駐車場使用細則,附則9,（駐車場返還 ）,,,乙は本契約が満了、又は契約解除となったときは駐車場を原状に回復の上速やかに車両を撤去し無条件で返還しなければならない。なお、乙が駐車場に車両を放置した場合、甲は車両を撤去することができるものとする。また、甲は車両の撤去費用を乙に請求できるものとする。,"使用細則, 細則, 自動車, 車, 駐車場",
駐車場使用細則,附則10,（車両撤去 ）,,,甲が駐車場の改築等のため、一時車両撤去を乙に申し出たときは、何ら異議を申し立てず甲の指示に従うものとする。乙は、車両の一時撤去に伴い費用負担が生じてもこれを甲に請求せず、又撤去期間についての駐車場使用料の減額を甲に請求しないものとする。,"使用細則, 細則, 自動車, 車, 駐車場",
駐車場使用細則,附則11,（管理規約並びに本契約等の遵守 ）,,,乙は管理規約、駐車場使用細則並びに本契約を遵守しなければならない。,"使用細則, 細則, 自動車, 車, 駐車場",
駐車場使用細則 附則,附則12,（規定外事項 ）,,,本契約条項の解釈、又はこの契約に定めのない事項について、疑義を生じた場合は、その都度、甲、乙誠意をもって協議決定する。以上、契約の証として本書２通を作成し、甲、乙記名押印のうえ各１通を保有する。年 月 日貸 主（甲）  プレサンス ロジェ 岐阜 長良橋通り管理組合甲 代 理 人  兵庫県西宮市六湛寺町９番１６号管理代行者  日本管財住宅管理株式会社㊞借 主（乙） 部屋番号 号室㊞車両登録番号車 名所有者 名,"使用細則, 細則, 自動車, 車, 駐車場",
電気自動車充電設備使用細則,1,（電気自動車充電設備使用契約 ）,,,本充電設備の使用を希望する区分所有者は、管理組合と所定の電気自動車充電設備使用契約を締結しなければならない。,"EV, 使用細則, 充電設備, 電気自動車",
電気自動車充電設備使用細則,2,（用途）,,,本充電設備は、機械式駐車場№ 65・66・69・70、屋内平面式駐車場 №81・82、屋外平面式駐車場№83・84に設置されており、車両の充電以外に使用してはならない。万一、充電設備使用者の故意または過失により充電設備が故障した場合は、自己の責任と負担において修理等を行うものとする。,"EV, 使用細則, 充電設備, 自動車, 車, 電気自動車, 駐車場",
電気自動車充電設備使用細則,3,（使用権の譲渡又は貸与 ）,,,本充電設備を使用する区分所有者は、使用に関する権利を他に譲渡若しくは、その場所を他に転貸することはできない。ただし、当該譲渡又は貸与の相手が生計を共にする同居人であるとき、又は予め管理組合の書面による承諾を得たときはこの限りでない。,"EV, 使用細則, 充電設備, 電気自動車",
電気自動車充電設備使用細則,4,（譲渡、解約 ）,,,本充電設備を使用する区分所有者は、専有部分を第三者に譲渡または駐車場使用契約を解約したときは、本充電設備使用に関する使用権を失い、使用場所を直ちに明け渡さなければならない。,"EV, 使用細則, 充電設備, 自動車, 車, 電気自動車, 駐車場",
電気自動車充電設備使用細則,5,（損害賠償 ）,,,本充電設備を使用する区分所有者は、使用場所を自己の責任において管理するものとし、設備の破損、天災地変、事故並びに人身事故等の損害及び賠償を管理組合及び管理者に請求することはできない。また、事故発生時は速やかに管理者に連絡すること。,"EV, 使用細則, 充電設備, 電気自動車",
電気自動車充電設備使用細則,6,（使用料金の納入 ）,1項,,本充電設備使用者は、次の各号に掲げる事項を遵守しなければならない。,"EV, 使用細則, 充電設備, 電気自動車",
電気自動車充電設備使用細則,6,（使用料金の納入 ）,1項,一,本充電設備を使用する区分所有者は、電気使用料を駐車場使用料とは別に支払うものとし、管理組合は管理規約第６５条に定める徴収方法により徴収するものとする。,"EV, 使用細則, 充電設備, 自動車, 車, 電気自動車, 駐車場",
電気自動車充電設備使用細則,6,（使用料金の納入 ）,1項,二,電気使用料は、充電設備専用の私設メーターを毎月管理会社が数値の読み取りを行い、１ｋＷｈ当たり３０円（１０円以下 切り捨て）にて計算するものとする。,"EV, 使用細則, 充電設備, 電気自動車",
電気自動車充電設備使用細則,7,（使用上の遵守事項 ）,,,本充電設備使用者は、管理規約並びに使用細則の関係条項を遵守する。,"EV, 使用細則, 充電設備, 電気自動車",
電気自動車充電設備使用細則,8,（使用料金 ）,1項,,使用料金は、理事会が提案し総会の議決によって変更することができる。以上,"EV, 使用細則, 充電設備, 電気自動車",
電気自動車充電設備使用細則,8,（使用料金 ）,71項,,別記様式７- ２（駐車場使用細則第１条関係）プレサンス  ロジェ 岐阜 長良橋通り電気自動車充電設備使用契約書プレサンス  ロジェ 岐阜 長良橋通り管理組合（以下｢甲｣という｡）とプレサンス ロジェ 岐阜 長良橋通り（以下「対象物件」という。 ） 号室 （以下｢乙｣という｡）とは、対象物件管理規約第１９条に基づき、次の条項により電気自動車充電設備使用契約（以下｢本契約｣という｡）を締結する。,"EV, 使用細則, 充電設備, 細則, 自動車, 車, 電気自動車, 駐車場",
駐輪場使用細則,1,（駐輪場の位置並びに車種 ）,1項,,本駐輪場の位置は、パンフレット図面に示す区域内とし、他の場所での駐輪は禁止する。ただし、来客又は外来者の駐輪については、理事長の指示した位置とし、これを遵守させるものとする。,"使用細則, 細則, 自転車, 自転車置場, 駐輪場",
駐輪場使用細則,1,（駐輪場の位置並びに車種 ）,2項,,駐輪車種は、下表区画内に駐輪可能で一般的な自転車又はバイク ・ミニバイク置場とする。また、自転車置場は、電動アシスト付自転 車・チャイルドシートや大きなカゴ付き自転 車・車輪の太い自転車・三輪の自転車 ・補助車輪付自転車等の場合、またハンドルの形状等により、利用不可能または利用しづらい場合があること。タイプ台数使用料 長さ×幅,"バイク, 使用細則, 細則, 自転車, 自転車置場, 駐輪場",
駐輪場使用細則,2,（駐輪場への駐輪義務等 ）,,,区分所有者等は、その保有する自転車等を駐輪場以外の敷地及び共用部分等に駐輪してはならない。,"使用細則, 細則, 自転車, 自転車置場, 駐輪場",
駐輪場使用細則,3,（細則の適用範囲 ）,,,本駐輪場の使用者は、全てこの細則の適用を受けるものとする。,"使用細則, 細則, 自転車, 自転車置場, 駐輪場",
駐輪場使用細則,4,（使用者の資格 ）,,,本駐輪場を使用できる者は、現に対象物件に居住している者とする。,"使用細則, 細則, 自転車, 自転車置場, 駐輪場",
駐輪場使用細則,5,（管理運営 ）,,,この細則に基づく本駐輪場の管理運営は、管理組合がこれにあたる。,"使用細則, 細則, 自転車, 自転車置場, 駐輪場",
駐輪場使用細則,6,（登録）,1項,,本駐輪場の使用を希望する者は、理事長に所定の「駐輪場使用申込書」（別記様式８）を提出し、申請手続きを受けなければならない。原則として、自転車は１住戸２台、バイク ・ミニバイク はそれぞれ１住戸１台までとする。ただし、空き区画がある場合は、使用希望者の受付順により補充する。なお、自転車は３台目以上を希望する場合、１台目及び２台目の希望者に劣後する。バイ ク・ミニバイクは２台目以上を希望する場合、１台目の希望者に劣後する。,"バイク, 使用細則, 細則, 自転車, 自転車置場, 駐輪場",
駐輪場使用細則,6,（登録）,2項,,理事長は、使用申請を受理し許可するときは、使用申込書を受理した後、使用者の車両であることを示すシール（シール代 １枚２００円）及び承認書を交付しなければならない。,"使用細則, 細則, 自転車, 自転車置場, 駐輪場",
駐輪場使用細則,6,（登録）,3項,,使用申込書の記載事項に変更が生じたときは、速やかに理事長に届け出なければならない。,"使用細則, 細則, 自転車, 自転車置場, 駐輪場",
駐輪場使用細則,6,（登録）,4項,,第２項により発行を受けたシールは、各車両の所定の位置に貼付しなければならない。,"使用細則, 細則, 自転車, 自転車置場, 駐輪場",
駐輪場使用細則,7,（使用期間 ）,1項,,使用期間は１年単位とし、１２月１日から翌年の１１月末日までとする。,"使用細則, 細則, 自転車, 自転車置場, 駐輪場",
駐輪場使用細則,7,（使用期間 ）,2項,,使用期間の途中から使用を希望する場合は、使用の許可を受けた日から直近の４月末日までとする。ただし、期間満了の日までに使用者から解約の意思表示がない場合は、契約を更に１ヶ年延長するものとし、以後もこれに準ずる。,"使用細則, 細則, 自転車, 自転車置場, 駐輪場",
駐輪場使用細則,8,（使用料金の納入 ）,,,本駐輪場の使用者は、別に定める使用料を管理費と共に管理組合の指定する日までに支払うものとし、３ヶ月以上使用料を支払わないときは、その使用権を失うものとする。なお、月の途中からの使用の場合は使用開始月の使用料は無料とし、翌月分より納入しなければならないものとする。,"使用細則, 管理費, 細則, 自転車, 自転車置場, 費用負担, 駐輪場",
駐輪場使用細則,9,（使用の中止 ）,,,本駐輪場の使用者は、使用を中止する場合、理事長に所定の「駐輪場使用中止届」（別記様式８）を１ヶ月前までに届け出るものとする。なお、解約月の使用料の日割精算は行わないものとし、中止届の届出日の翌月末日までの使用料を管理組合に支払うものとする。,"使用細則, 細則, 自転車, 自転車置場, 駐輪場",
駐輪場使用細則,10,（用途以外の使用禁止 ）,,,本駐輪場の使用者は、自転車置場は自転車のみ、バイク置場はバイクのみの置場として、ミニバイクはミニバイク置場として使用し、他の用途に使用してはならない。,"バイク, 使用細則, 細則, 自転車, 自転車置場, 駐輪場",
駐輪場使用細則,11,（損傷行為の禁止と賠償 ）,1項,,本駐輪場の使用者は敷地内の各施設又は本駐輪場を損傷してはならない。,"使用細則, 細則, 自転車, 自転車置場, 駐輪場",
駐輪場使用細則,11,（損傷行為の禁止と賠償 ）,2項,,本駐輪場の使用者が故意又は過失により、前項の物件を損傷したときは、遅滞なくその損害全額について賠償しなければならないものとする。,"使用細則, 細則, 自転車, 自転車置場, 駐輪場",
駐輪場使用細則,12,（車両の管理保全義務 ）,1項,,本駐輪場における自転車及びバイク ・ミニバイクの保管管理については、使用者の責任で行 うものとする。,"バイク, 使用細則, 細則, 自転車, 自転車置場, 駐輪場",
駐輪場使用細則,12,（車両の管理保全義務 ）,2項,,本駐輪場の使用中に生じた一切の事故（盗難を含む）については、全て使用者の負担で処理し、管理組合は使用者に対して損害賠償等の責を一切負わないものとする。,"使用細則, 細則, 自転車, 自転車置場, 駐輪場",
駐輪場使用細則,12,（車両の管理保全義務 ）,3項,,敷地内では、事故防止の為、エンジンを切り下車して通行するものとする。,"使用細則, 細則, 自転車, 自転車置場, 駐輪場",
駐輪場使用細則,13,（事故の届出義務 ）,,,敷地内で事故を発生させた者は、法律の定める義務の他、理事長に直ちに届け出なければならない。,"使用細則, 細則, 自転車, 自転車置場, 駐輪場",
駐輪場使用細則,14,（シールの貼付位置 ）,1項,,シールは各車両の後輪カバー等目立つ部分に貼付しなければならない。,"使用細則, 細則, 自転車, 自転車置場, 駐輪場",
駐輪場使用細則,14,（シールの貼付位置 ）,2項,,シールが破れたり紛失したときは、直ちに再発行手続を受けなければならない。,"使用細則, 細則, 自転車, 自転車置場, 駐輪場",
駐輪場使用細則,15,（撤去等 ）,,,理事長は敷地内における登録外の車両及び遵守義務違反者の車両について、理事長は、自ら自転車等及び残置物の移動その他の必要な措置を講じることができる。また、第三者に講じさせることができる。,"使用細則, 細則, 自転車, 自転車置場, 駐輪場",
駐輪場使用細則 附則,16,（使用料金の改定 ）,,,使用料金は、理事会が提案し総会の議決によって変更される場合がある。,"使用細則, 細則, 自転車, 自転車置場, 駐輪場",
駐輪場使用細則,附則1,（効力発生 ）,,,本細則は、対象物件管理規約発効の日から施行する。,"使用細則, 細則, 自転車, 自転車置場, 駐輪場",
駐輪場使用細則,附則2,（改廃）,1項,,本細則の改廃は、総会の決議により行う。,"使用細則, 細則, 自転車, 自転車置場, 駐輪場",
駐輪場使用細則,附則2,（改廃）,2項,,本細則に定めのない事項については、理事会で協議し決定する。,"使用細則, 細則, 自転車, 自転車置場, 駐輪場",
駐輪場使用細則,附則2,（改廃）,75項,,別記様式８（駐輪場使用細則第５条関係 ）駐輪場使用申込書プレサンス ロジェ 岐阜 長良橋通り管理組合理事長  殿（申込者 ） 年 月 日プレサンス  ロジェ 岐阜 長良橋通 り 号室㊞私は、プレサンス ロジェ 岐阜 長良橋通りの駐輪場を使用したいので、管理規約第３３条 および駐輪場使用細則第５条の規定により以下の通り申込いたします。１. 使用開始 日  年 月 日２. 使用台 数 〈自転車 〉 台 ・〈バイク〉  台 ・〈ミニバイク 〉 台３. 使用区 画 〈自転車 〉 番 ・〈バイク〉  番 ・〈ミニバイク 〉 番○印 切り取り ○印駐輪場使用承認書年 月 日プレサンス  ロジェ 岐阜 長良橋通 り 号室様プレサンス ロジェ 岐阜 長良橋通り管理組合管理代行 日本管財住宅管理株式会社  ㊞申込のあった駐輪場の使用について、以下の通り承認いたします。１. 使用開始 日  年 月 日２. 使用台 数 〈自転車 〉 台 ・〈バイク 〉 台 ・〈ミニバイク 〉 台３.使用区 画 〈自転車 〉 番 ・〈バイク 〉番 ・〈ミニバイク 〉 番４.使用料金( 月額)〈自転車〉  円 ・〈バイク 〉円 ・〈ミニバイク 〉 円５.シール代( 初回)〈自転車〉  円 ・〈バイク 〉円 ・〈ミニバイク 〉 円※本書記載の個人情報に関しては、次に定める場合の他、規約及び使用細則の定めに基づく管理組合運営のために必要な場合に限り使用いたします。１．公的捜査機関の捜査要請により通知する場合２．管理委託契約の通知義務に基づき委託管理会社に通知する場合,"バイク, 使用細則, 細則, 自転車, 自転車置場, 駐輪場",
駐輪場使用細則,附則2,（改廃）,76項,,別記様式８駐輪場使用中止届プレサンス ロジェ 岐阜 長良橋通り管理組合理事長  殿（申込者 ） 年 月 日プレサンス  ロジェ 岐阜 長良橋通 り 号室㊞私は、プレサンス ロジェ 岐阜 長良橋通りの駐輪場の使用を中止したいので、管理規約第  ３３条および駐輪場使用細則第９条の規定により以下の通り届出いたします。１．使用中止 日  年 月 日２．使用区 画 〈自転車 〉 番 ・〈ミニバイク 〉 番 ・〈バイク 〉 番切り取らない駐輪場使用変更申請書プレサンス ロジェ 岐阜 長良橋通り管理組合理事長  殿（申込者 ） 年 月 日プレサンス  ロジェ 岐阜 長良橋通 り 号室㊞私は、使用中のプレサンス  ロジェ 岐阜 長良橋通りの駐輪場について変更をしたいので、以下の通り申請いたします。１． 変更内容  車両の変更（シールの再発行）  ・ シールの再発行のみ,"バイク, 使用細則, 細則, 自転車, 自転車置場, 駐輪場",
駐輪場使用細則,附則1,（目的）,,,プレサンス  ロジェ 岐阜 長良橋通り管理組合（以下「管理組合」という。） は、プレサンス ロジェ 岐阜 長良橋通り（以下「対象物件」という。）管理規約第１９条及び第２３条に基づき、建物の共用部分のうち、防犯、防音、防露、断熱又は耐震等の住宅の性能向上等のために、各住戸の窓枠、窓ガラス、玄関扉その他の開口部の改良工事（以下「開口部改良工事」という。）を、区分所有者が実施する場合における必要な事項を定める。,"使用細則, 細則, 自転車, 自転車置場, 駐輪場",
駐輪場使用細則,附則2,（開口部改良工事の実施条件 ）,1項,,開口部は共用部分であるために、開口部改良工事は、管理組合が計画修繕等として実施することが原則であるが、管理組合が速やかに実施できない場合においては、各区分所有者は、この細則に従い、自己の責任と負担において開口部改良工事を実施することができる。,"使用細則, 細則, 自転車, 自転車置場, 駐輪場",
駐輪場使用細則,附則2,（開口部改良工事の実施条件 ）,2項,,区分所有者が前項により開口部改良工事を実施した後に管理組合が同一又は類似の工事を実施した場合において、当該区分所有者は、一切異議の申立又は補償請求、管理費等の減免請求、費用の管理組合負担の請求等を行うことはできない。,"使用細則, 管理費, 細則, 自転車, 自転車置場, 費用負担, 駐輪場",
駐輪場使用細則,附則2,（開口部改良工事の実施条件 ）,3項,,開口部改良工事実施後の当該開口部の管理（維持、修繕、取替え、清掃等）は、管理規約及びこの細則に従い区分所有者の責任と負担において行わなければならない。,"使用細則, 細則, 自転車, 自転車置場, 駐輪場",
駐輪場使用細則,附則2,（開口部改良工事の実施条件 ）,4項,,管理組合が計画修繕等を行う場合において、開口部改良工事を実施した部位が支障になると管理組合が認めたときは、当該区分所有者の責任と負担において原状回復をしなければならない。,"使用細則, 細則, 自転車, 自転車置場, 駐輪場",
駐輪場使用細則,附則2,（開口部改良工事の実施条件 ）,5項,,第３項及び第４項の規定にかかわらず、開口部の管理又は原状回復の取扱いについては、総会において別段の定めをすることができる。,"使用細則, 細則, 自転車, 自転車置場, 駐輪場",
駐輪場使用細則,附則3,（誓約書の提出及び効力 ）,1項,,開口部改良工事を行おうとする区分所有者は、前条第２項から第４項までに定める条件を遵守する旨の誓約書（別記様式８）を理事長に提出し、誓約事項を遵守しなければならない。,"使用細則, 細則, 自転車, 自転車置場, 駐輪場",
駐輪場使用細則,附則3,（誓約書の提出及び効力 ）,2項,,前項の誓約事項は、当該区分所有者の包括承継人及び特定承継人もその義務を承継するものとする。,"使用細則, 細則, 自転車, 自転車置場, 駐輪場",
駐輪場使用細則,附則4,（工事の承認等 ）,1項,,区分所有者は、開口部改良工事を行おうとするときは、工事着工の１ヶ月前までに、設計図、仕様書及び工程表を添付した所定の申請書（別記様式８）に必要事項を記入の上、管理組合理事長に提出し、その承認を受けなければならない。,"使用細則, 細則, 自転車, 自転車置場, 駐輪場",
駐輪場使用細則,附則4,（工事の承認等 ）,2項,,理事長は、前項の規定による申請につき、承認しようとするとき、又は不承認としようとするときは、理事会の決議を経て、申請を受付けた日より１ヶ月以内に申請者に結果を通知しなければならない。,"使用細則, 細則, 自転車, 自転車置場, 駐輪場",
駐輪場使用細則,附則4,（工事の承認等 ）,3項,,理事長は、開口部改良工事が次の各号に該当する場合は、承認を行ってはならない。,"使用細則, 細則, 自転車, 自転車置場, 駐輪場",
駐輪場使用細則,附則4,（工事の承認等 ）,3項,一,主要構造部 （建物の構造上重要な壁、柱、床、梁、屋根又は階段をいう。）又は他の住戸に悪影響を与える場合,"使用細則, 細則, 自転車, 自転車置場, 駐輪場",
駐輪場使用細則,附則4,（工事の承認等 ）,3項,二,建築基準法、消防法等法令に違反する場合,"使用細則, 消防, 火災, 細則, 自転車, 自転車置場, 防火, 駐輪場",
駐輪場使用細則,附則4,（工事の承認等 ）,3項,三,防犯、防音、防露、断熱又は耐震等の住宅の性能向上等にほとんど資することがない場合四 建物及び他住戸と調和を乱す形状、色彩、材質となる場合,"使用細則, 細則, 自転車, 自転車置場, 駐輪場",
駐輪場使用細則,附則4,（工事の承認等 ）,3項,五,承認申請者が第３条において不適切と判断した場合,"使用細則, 細則, 自転車, 自転車置場, 駐輪場",
駐輪場使用細則,附則4,（工事の承認等 ）,4項,,理事長は、前項の審議を行うに当たっては、必要に応じて、管理組合の責任と負担において、外部の専門的知識を有する者の助言を求めることができる。,"使用細則, 細則, 自転車, 自転車置場, 駐輪場",
駐輪場使用細則,附則4,（工事の承認等 ）,5項,,区分所有者は、第２項による承認を受けないで開口部の工事を行ってはならない。,"使用細則, 細則, 自転車, 自転車置場, 駐輪場",
駐輪場使用細則,附則5,（工事の実施 ）,1項,,区分所有者は、前条第２項による承認通知を受けた場合、その承認の範囲内において開口部改良工事を行うことができる。,"使用細則, 細則, 自転車, 自転車置場, 駐輪場",
駐輪場使用細則,附則5,（工事の実施 ）,2項,,区分所有者は、開口部改良工事に着手する前に、管理組合所定の掲示板に工事を実施する旨と工事内容、工事期間、工事業者名、連絡先等を記載した書面を掲示して、居住者に周知しなければならない。,"使用細則, 細則, 自転車, 自転車置場, 駐輪場",
駐輪場使用細則,附則5,（工事の実施 ）,79項,,３ 理事長又はその委任を受けた者は、必要があるときには、区分所有者又は占有者に対して、開口部改良工事現場への立ち入りを請求することができる。この場合において、区分所有者又は占有者は、正当な理由がなければこれを拒否してはならない。,"使用細則, 細則, 自転車, 自転車置場, 駐輪場",
駐輪場使用細則,附則5,（工事の実施 ）,4項,,区分所有者は、開口部改良工事が完了した場合は、書面にて理事長に届け出ること。,"使用細則, 細則, 自転車, 自転車置場, 駐輪場",
駐輪場使用細則,附則6,（工事中の遵守事項 ）,1項,,区分所有者は、開口部改良工事の実施に当たっては、次の各号に掲げる事項を遵守しなければならない。,"使用細則, 細則, 自転車, 自転車置場, 駐輪場",
駐輪場使用細則,附則6,（工事中の遵守事項 ）,1項,一,工事期間、作業休日、作業時間、工事内容等について、承認を受けた条件を遵守すること。,"使用細則, 細則, 自転車, 自転車置場, 駐輪場",
駐輪場使用細則,附則6,（工事中の遵守事項 ）,1項,二,承認を受けた工事条件に変更を生じる場合は、予め理事長にその旨を報告し、軽微な変更を除き、理事長の指示に従い改めて承認を受けること。,"使用細則, 細則, 自転車, 自転車置場, 駐輪場",
駐輪場使用細則,附則6,（工事中の遵守事項 ）,1項,三,工事に伴う騒音、塵埃等により、他の居住者に迷惑を掛けることのないように最大限の配慮を払うこと。,"使用細則, 生活音, 細則, 自転車, 自転車置場, 苦情, 駐輪場, 騒音",
駐輪場使用細則,附則6,（工事中の遵守事項 ）,1項,四,作業員のマナー維持 （服装、喫煙、挨拶、言動、駐車等） には十分に注意すること。,"使用細則, 喫煙, 煙草, 禁煙, 細則, 自転車, 自転車置場, 駐輪場",
駐輪場使用細則,附則6,（工事中の遵守事項 ）,1項,五,敷地及び共用部分には、機材、残材等を放置することのないように整理・整頓に努めること 。六工事の残材や廃棄物の処分は、施工者及び施工業者の責任において処理すること。,"使用細則, 細則, 自転車, 自転車置場, 駐輪場",
駐輪場使用細則,附則6,（工事中の遵守事項 ）,1項,七,機材、残材等の運搬に当たっては、居住者の迷惑とならないように配慮するとともに、建物等の毀損・汚損に注意すること。,"使用細則, 細則, 自転車, 自転車置場, 駐輪場",
駐輪場使用細則,附則6,（工事中の遵守事項 ）,1項,八,工事に関し苦情 ・要望等が発生した場合は、誠意をもって対応すること。,"使用細則, 細則, 自転車, 自転車置場, 駐輪場",
駐輪場使用細則,附則7,（区分所有者以外の者による工事の禁止 ）,1項,,区分所有者は、開口部改良工事を占有者等区分所有者以外の者が行うことは認めてはならない。,"使用細則, 細則, 自転車, 自転車置場, 駐輪場",
駐輪場使用細則,附則7,（区分所有者以外の者による工事の禁止 ）,2項,,区分所有者は、その同居人又は占有者若しくはその同居人がこの細則に違反する行為を行った場合には、その是正等のため必要な措置を講じなければならない。,"使用細則, 細則, 自転車, 自転車置場, 駐輪場",
駐輪場使用細則,附則8,（違反者に対する措置 ）,1項,,区分所有者が開口部改良工事に関して、管理規約又はこの細則に違反した場合には、理事長は、理事会の決議を経て、次の措置を講ずることができる。,"使用細則, 細則, 自転車, 自転車置場, 駐輪場",
駐輪場使用細則,附則8,（違反者に対する措置 ）,1項,一,当該区分所有者に対して行為の是正若しくは差止め又は原状回復を指示すること。,"使用細則, 細則, 自転車, 自転車置場, 駐輪場",
駐輪場使用細則,附則8,（違反者に対する措置 ）,1項,二,区分所有者が前号の指示に従わない場合は、承認を取り消すこと。,"使用細則, 細則, 自転車, 自転車置場, 駐輪場",
駐輪場使用細則,附則8,（違反者に対する措置 ）,1項,三,区分所有者が前各号の指示に従わない場合は、差止め又は原状回復のため必要な措置の請求に関して、管理組合を代表して訴訟その他の法的措置を講ずること。,"使用細則, 細則, 自転車, 自転車置場, 駐輪場",
駐輪場使用細則,附則8,（違反者に対する措置 ）,2項,,第１項第三号の訴えをする場合、理事長は、請求の相手方に対し、違約金としての弁護士費用及び差止め等のための諸費用を請求することができる,"使用細則, 細則, 自転車, 自転車置場, 駐輪場",
駐輪場使用細則 附則,附則9,（工事実施細目 ）,,,開口部改良工事の実施上の細目については、理事長が理事会の承認を経て定めることができる。,"使用細則, 細則, 自転車, 自転車置場, 駐輪場",
駐輪場使用細則,附則1,（効力発生 ）,,,本細則は、対象物件管理規約発効の日から施行する。,"使用細則, 細則, 自転車, 自転車置場, 駐輪場",
駐輪場使用細則 附則,附則2,（改廃）,1項,,本細則の改廃は、総会の決議により行う。,"使用細則, 細則, 自転車, 自転車置場, 駐輪場",
駐輪場使用細則 附則,附則2,（改廃）,2項,,本細則に定めのない事項については、理事会で協議し決定する。,"使用細則, 細則, 自転車, 自転車置場, 駐輪場",
駐輪場使用細則 附則,附則2,（改廃）,80項,,別記様式９（開口部改良工事実施細則第３条、第４条関係 ）開口部改良工事実施申請書年 月 日プレサンス ロジェ 岐阜 長良橋通り管理組合理事長  殿プレサンス ロジェ 岐阜 長良橋通り 号室氏 名   ㊞私は、下記により、私の責任と負担において開口部の改良工事を実施したいので、管理規約第３３条および開口部改良工事実施細則第３条第１項及び第４条第１項の規定に基づき申請します。記１．対象住戸   号室２．工事内容３．工事期間  年 月 日 から  年 月 日まで４．工事時間帯  午前・午後   時 分 から 午前・午後   時 分まで５．作業休日   日曜日及び祝日６．施工業者名７．添付書類    □設計図   □仕様書   □工程表□その他（ ）□「開口部改良工事実施に伴う誓約書」開口部改良工事実施に伴う誓約書プレサンス ロジェ 岐阜 長良橋通り管理組合理事長  殿年 月 日プレサン ス ロジェ 岐阜 長良橋通り  号室氏 名   ㊞私は、このたび申請しました開口部改良工事実施をご承認頂きました場合は、開口部改良工事実施細則第３条第１項及び第４条第１項の規定に基づき、下記の事項を遵守することを誓約致します。記,"使用細則, 細則, 自転車, 自転車置場, 駐輪場",
駐輪場使用細則 附則,附則2,（改廃）,1項,,私が開口部改良工事を実施した後に、管理組合が同一又は類似の工事を実施した場合におい ても、私は、そのことに関して、一切、異議の申立又は補償請求、管理費等の減免請求、費用の管理組合負担の請求等はいたしません。,"使用細則, 管理費, 細則, 自転車, 自転車置場, 費用負担, 駐輪場",
駐輪場使用細則 附則,附則2,（改廃）,2項,,開口部改良工事実施後の当該開口部の管理（維持、修繕、取替え、清掃等）は、管理規約及び開口部改良工事実施細則に従い、私の責任と負担において行います。,"使用細則, 細則, 自転車, 自転車置場, 駐輪場",
駐輪場使用細則 附則,附則2,（改廃）,3項,,管理組合が計画修繕等を行う場合において、私が開口部改良工事を実施した部位が支障となると管理組合が認めた場合は、私の責任と負担において原状回復を行い、管理組合には、異議申立及び補償請求、管理費等の減免請求、費用の管理組合負担の請求等は一切いたしません。,"使用細則, 管理費, 細則, 自転車, 自転車置場, 費用負担, 駐輪場",
駐輪場使用細則 附則,附則2,（改廃）,4項,,この誓約事項は、私の専有部分の承継人にも承継させます。以上,"使用細則, 細則, 自転車, 自転車置場, 駐輪場",
ラウンジ使用細則,1,（使用の原則 ）,1項,,管理組合は、管理組合が業務上使用する場合を除き、ラウンジを区分所有者ならびに占有者（以下「組合員等」という。）の次の各号に掲げる目的のために使用できるものとする。ただし、営利目的の物品販売、特定の政治活動および宗教活動その他これらに類する行為のための使用はできないものとする。,"ラウンジ, 使用細則, 共用施設",
ラウンジ使用細則,1,（使用の原則 ）,1項,一,来訪者との面談、接客、打合せ,"ラウンジ, 使用細則, 共用施設",
ラウンジ使用細則,1,（使用の原則 ）,1項,二,組合員等の親睦を目的とした懇談、打合せ,"ラウンジ, 使用細則, 共用施設",
ラウンジ使用細則,1,（使用の原則 ）,1項,三,前各号に掲げるもののほか、管理組合が必要と認めたもの,"ラウンジ, 使用細則, 共用施設",
ラウンジ使用細則,2,（使用時間 ）,,,ラウンジの使用できる時間は、原則として午前９時から午後９時までとする。ただし、理事長の承認を得たときは、この限りでない。,"ラウンジ, 使用細則, 共用施設",
ラウンジ使用細則,3,（遵守事項 ）,1項,,ラウンジの使用にあたり次の各号を遵守しなければならない。,"ラウンジ, 使用細則, 共用施設",
ラウンジ使用細則,3,（遵守事項 ）,1項,一,建物及び備品を故意に損傷し若しくは汚損しないこと。,"ラウンジ, 使用細則, 共用施設",
ラウンジ使用細則,3,（遵守事項 ）,1項,二,使用後は整理すること。,"ラウンジ, 使用細則, 共用施設",
ラウンジ使用細則,3,（遵守事項 ）,1項,三,飲食はしないこと。,"ラウンジ, 使用細則, 共用施設",
ラウンジ使用細則,3,（遵守事項 ）,1項,四,喫煙はしないこと。,"ラウンジ, 使用細則, 共用施設, 喫煙, 煙草, 禁煙",
ラウンジ使用細則,3,（遵守事項 ）,1項,五,危険な行為はしないこと。,"ラウンジ, 使用細則, 共用施設",
ラウンジ使用細則,3,（遵守事項 ）,1項,六,振動、騒音等、他の組合員等や来訪者に迷惑を及ぼす行為又は不快の念を抱かせる行為はしないこと。,"ラウンジ, 使用細則, 共用施設, 生活音, 苦情, 騒音",
ラウンジ使用細則,3,（遵守事項 ）,1項,七,子供が使用する場合には、保護者が同伴すること。,"ラウンジ, 使用細則, 共用施設",
ラウンジ使用細則,3,（遵守事項 ）,1項,八,公序良俗に反する行為はしないこと。,"ラウンジ, 使用細則, 共用施設",
ラウンジ使用細則,3,（遵守事項 ）,1項,九,その他、運営上支障をきたす恐れがあることはしないこと。,"ラウンジ, 使用細則, 共用施設",
ラウンジ使用細則,3,（遵守事項 ）,1項,十,管理組合の指示に従うこと。,"ラウンジ, 使用細則, 共用施設",
ラウンジ使用細則,4,（使用者の注意事項 ）,,,組合員等はラウンジの使用に善良なる注意をもって使用するとともに、他の者に迷惑を及ぼさないように心がけ、前条の事項を遵守しない組合員等についてはラウンジの使用を中止させ、または以後の使用をさせないことができるものとする。,"ラウンジ, 使用細則, 共用施設",
ラウンジ使用細則 附則,5,（原状回復義務等 ）,,,使用者はラウンジの使用において故意又は過失により建物の部分、設備及び什器備品を汚損又は毀損したときは、その損害を賠償しなければならない。,"ラウンジ, 使用細則, 共用施設",
ラウンジ使用細則,附則1,（効力発生 ）,,,本細則は、対象物件管理規約発行の日から施行する。,"ラウンジ, 使用細則, 共用施設",
ラウンジ使用細則 附則,附則2,（改廃）,,,本細則の改廃は、総会の決議により行う。,"ラウンジ, 使用細則, 共用施設",
コミュニティルーム使用細則,1,（使用者 ）,1項,,コミュニティルームを使用することができる者（以下「使用者」という）は原則として区分所有者もしくはその同居人、または専有部分の貸与を受けた者もしくはその同居人とする。,"コミュニティルーム, 使用細則, 共用施設",
コミュニティルーム使用細則,1,（使用者 ）,2項,,管理組合が使用を承認した者。,"コミュニティルーム, 使用細則, 共用施設",
コミュニティルーム使用細則,2,（コミュニティルームの用途 ）,1項,,コミュニティルームは、次の各号に掲げる目的のために使用するものとし、他の用途に供してはならない。,"コミュニティルーム, 使用細則, 共用施設",
コミュニティルーム使用細則,2,（コミュニティルームの用途 ）,1項,一,理事会その他の管理組合の運営に必要な会議等,"コミュニティルーム, 使用細則, 共用施設",
コミュニティルーム使用細則,2,（コミュニティルームの用途 ）,1項,二,官公庁、公共事業者、公益事業者その他これに準ずる機関が区分所有者等に対して行う説明会等,"コミュニティルーム, 使用細則, 共用施設",
コミュニティルーム使用細則,2,（コミュニティルームの用途 ）,1項,三,共同相互の親睦を目的とする講習会、会合等,"コミュニティルーム, 使用細則, 共用施設",
コミュニティルーム使用細則,2,（コミュニティルームの用途 ）,1項,四,児童の教育、福祉を目的とする学習会,"コミュニティルーム, 使用細則, 共用施設",
コミュニティルーム使用細則,2,（コミュニティルームの用途 ）,1項,五,その他区分所有者の共同の利益を増進し、良好な住環境を確保するための使用,"コミュニティルーム, 使用細則, 共用施設",
コミュニティルーム使用細則,2,（コミュニティルームの用途 ）,1項,六,その他管理組合が必要かつ適当と認める使用,"コミュニティルーム, 使用細則, 共用施設",
コミュニティルーム使用細則,3,（使用時間 ）,,,コミュニティルームを使用することのできる時間は、午前９時から午後９時までとする。ただし、理事長の承認を得たときは、この限りでない。,"コミュニティルーム, 使用細則, 共用施設",
コミュニティルーム使用細則,4,（使用料 ）,1項,,管理組合は、使用料として使用責任者に対して使用のあった月の月末に締め、翌々月６日に管理費等と同じ自動振替の方法により料金を徴収するものとする。ただし、例外として管理費等と同じ自動振替の方法により料金を徴収できない場合は、使用後に管理組合の口座に振込む方法により支払うものとする。,"コミュニティルーム, 使用細則, 共用施設, 管理費, 費用負担",
コミュニティルーム使用細則,4,（使用料 ）,2項,,使用料は、別に定める「コミュニティルーム使用料一覧表」の通りとし、管理費に充当する。,"コミュニティルーム, 使用細則, 共用施設, 管理費, 費用負担",
コミュニティルーム使用細則,4,（使用料 ）,3項,,コミュニティルーム使用時の延長使用料は１時間単位とし、１時間に満たない時間でも１時間の使用料を支払うものとする。,"コミュニティルーム, 使用細則, 共用施設",
コミュニティルーム使用細則,5,（使用の申込み ）,1項,,コミュニティルームを使用しようとするときは、コミュニティルーム使用責任者１名を選任し、その者があらかじめ使用する日の７日前までに理事長に別記様式１０による書面（以下「使用申込書」という。）を提出して申込みをしなければならない。申込みをしたコミュニティルームの使用日時、使用用途等を変更しようとするときも、同様とする。,"コミュニティルーム, 使用細則, 共用施設",
コミュニティルーム使用細則,5,（使用の申込み ）,2項,,前項の規定にかかわらず、第２条第五号に掲げる目的のために使用する場合の申込みは、書面を要しない。,"コミュニティルーム, 使用細則, 共用施設",
コミュニティルーム使用細則,5,（使用の申込み ）,3項,,理事長は、第１項の使用の申込みにつき承認又は不承認を決定し、承認をしたときは、遅滞なく、コミュニティルームの使用の予定表を作成して保管し、区分所有者又は利害関係人から請求があったときは、これを閲覧させなければならない,"コミュニティルーム, 使用細則, 共用施設",
コミュニティルーム使用細則,5,（使用の申込み ）,4項,,前項の承認によりコミュニティルームを使用後、区分所有者は規約第６５条（管理費等の徴収）第１項の規定に基づき、管理組合にコミュニティルーム使用料を納入しなければならない。,"コミュニティルーム, 使用細則, 共用施設, 管理費, 費用負担",
コミュニティルーム使用細則,6,（使用の取消し等 ）,,,コミュニティルーム使用責任者は、コミュニティルームの使用の申込みをした後にその使用をしないこととなったときは、理事長に対し、すみやかに申込みをしたコミュニティルームの使用を取り消す旨の申し出をしなければならない。,"コミュニティルーム, 使用細則, 共用施設",
コミュニティルーム使用細則,7,（鍵の貸与及び返却 ）,,,管理組合はコミュニティルームの使用時間が管理事務室業務時間外である場合、管理責任者に鍵を貸与することができる。その場合、管理組合は鍵貸出簿に使用責任者を記載の上、鍵を貸与するものとする。また、使用責任者は使用終了後、責任をもって片付け、戸締りし、管理事務室業務開始時に鍵を必ず返却するものとする。,"コミュニティルーム, 使用細則, 共用施設",
コミュニティルーム使用細則,8,（遵守事項 ）,1項,,コミュニティルームの使用者は、次に掲げる事項を遵守しなければならない。,"コミュニティルーム, 使用細則, 共用施設",
コミュニティルーム使用細則,8,（遵守事項 ）,1項,一,火気の取扱には充分に注意すること。,"コミュニティルーム, 使用細則, 共用施設",
コミュニティルーム使用細則,8,（遵守事項 ）,1項,二,他の区分所有者又は占有者の迷惑となる行為をしないこと。,"コミュニティルーム, 使用細則, 共用施設",
コミュニティルーム使用細則,8,（遵守事項 ）,1項,三,コミュニティルームの使用について、管理組合の指示があるときは、これに従うこと。,"コミュニティルーム, 使用細則, 共用施設",
コミュニティルーム使用細則,8,（遵守事項 ）,1項,四,使用の前後で異常を発見した場合、ただちに管理組合に連絡すること。,"コミュニティルーム, 使用細則, 共用施設",
コミュニティルーム使用細則,9,（禁止事項 ）,1項,,コミュニティルーム使用責任者は、承認を受けた使用日時及び使用用途等以外にコミュニティルームを使用してはならない。,"コミュニティルーム, 使用細則, 共用施設",
コミュニティルーム使用細則,9,（禁止事項 ）,2項,,子供だけで使用してはならない。子供が使用する場合は保護者同伴とする。,"コミュニティルーム, 使用細則, 共用施設",
コミュニティルーム使用細則,10,（原状回復義務等 ）,1項,,コミュニティルーム使用責任者は、コミュニティルームの使用を終了したときは、直ちに什器備品、火気及び設備の点検又は整理並びにコミュニティルームの清掃を行わなければならない。,"コミュニティルーム, 使用細則, 共用施設",
コミュニティルーム使用細則,10,（原状回復義務等 ）,2項,,コミュニティルーム使用責任者は、コミュニティルームの使用により建物の部分、設備及び什器備品を汚損又は毀損したときは、その損害を賠償しなければならない。,"コミュニティルーム, 使用細則, 共用施設",
コミュニティルーム使用細則,11,（事務の委託 ）,,,理事長は、この細則に定める事務の全部又は一部を、第三者に委託することができる。,"コミュニティルーム, 使用細則, 共用施設",
コミュニティルーム使用細則 附則,12,（細則外事項 ）,,,この細則に定めのない事項については、規約又は他の使用細則の定めるところによる。,"コミュニティルーム, 使用細則, 共用施設",
コミュニティルーム使用細則,附則1,（効力発生 ）,,,本細則は、対象物件管理規約発行の日から施行する。,"コミュニティルーム, 使用細則, 共用施設",
コミュニティルーム使用細則,附則2,（改廃）,,,本細則の改廃は、総会の決議により行う。,"コミュニティルーム, 使用細則, 共用施設",
ペット飼育細則,1,（目的）,,,本細則は、対象物件で、ペットを飼育する居住者（以下「飼育者」という。）が遵守しなければならない事項を定めたものであり、飼育者は、本細則を誠実に履行しなければならない。,"ペット, 動物, 細則, 飼育",
ペット飼育細則,2,（飼育の条件 ）,1項,,対象物件で飼育できるペットは、次のものに限る。,"ペット, 動物, 細則, 飼育",
ペット飼育細則,2,（飼育の条件 ）,1項,一,成獣の状態で概ね体長６０ｃｍ以下程度（頭・尻尾は除く）の犬、猫、ただし、１住戸 につき、どちらか２匹までとする。ただし、身体障害者補助犬法に規定される盲導犬、聴導犬及び介助犬（以下、総称して「補助犬」という。）にあっては、この限りではない。,"ペット, 動物, 細則, 飼育",
ペット飼育細則,2,（飼育の条件 ）,1項,二,小鳥及び観賞魚,"ペット, 動物, 細則, 飼育",
ペット飼育細則,2,（飼育の条件 ）,1項,三,常時、篭・水槽内で飼育できる小型愛玩動物,"ペット, 動物, 細則, 飼育",
ペット飼育細則,2,（飼育の条件 ）,2項,,前項２号及び３号における篭及び水槽の大きさは、縦・横・高さの和が１５０ｃｍ程度の ものとし、数は二つ以内とする。,"ペット, 動物, 細則, 飼育",
ペット飼育細則,2,（飼育の条件 ）,3項,,第１項にかかわらず、下記の各号に掲げるペットは飼育できないものとする。,"ペット, 動物, 細則, 飼育",
ペット飼育細則,2,（飼育の条件 ）,3項,一,鳴き声が大きなペット及び臭いが強いペット,"ペット, 動物, 細則, 飼育",
ペット飼育細則,2,（飼育の条件 ）,3項,二,猛毒のおそれのあるクモ、ヘビ等のペット三 理事会の判断により不適当とされたペット,"ペット, 動物, 細則, 飼育",
ペット飼育細則,3,（申請手続 ）,1項,,ペットの飼育を希望する者は、所定の申請書及び誓約書（別記様式１１）に必要事項を記入のうえ、管理組合理事長（以下「理事長」という。）に申請しなければならない。,"ペット, 動物, 細則, 飼育",
ペット飼育細則,3,（申請手続 ）,2項,,ペットの飼育を希望する者は、前項の申請にあたって、申請書に、次の各号に定める書類を添付しなければならない。,"ペット, 動物, 細則, 飼育",
ペット飼育細則,3,（申請手続 ）,2項,一,ペットの全身が写った写真,"ペット, 動物, 細則, 飼育",
ペット飼育細則,3,（申請手続 ）,2項,二,ペットの種類が犬である場合は、狂犬病予防法に基づく保健所への登録書、及び狂犬病予防接種証明書,"ペット, 動物, 細則, 飼育",
ペット飼育細則,3,（申請手続 ）,2項,三,補助犬にあっては、補助犬であることの証明書及び補助検討を必要とする申告書,"ペット, 動物, 細則, 飼育",
ペット飼育細則,4,（飼育の許可 ）,,,理事長は前条の定めにより申請を受けたときは、２週間以内にその可否を当該申請者に通知しなければならない。,"ペット, 動物, 細則, 飼育",
ペット飼育細則,5,（遵守事項 ）,1項,,飼育者は、次の各号に掲げる事項を遵守しなければならない。,"ペット, 動物, 細則, 飼育",
ペット飼育細則,5,（遵守事項 ）,1項,一,ペットの飼育は専有部分内にて行うこと,"ペット, 動物, 細則, 飼育",
ペット飼育細則,5,（遵守事項 ）,1項,二,補助犬を除くペットを住戸外に連れ出し連れ戻すときは、首輪をつけて引き紐で繋ぎ、抱きかかえるか容器に入れること,"ペット, 動物, 細則, 飼育",
ペット飼育細則,5,（遵守事項 ）,1項,三,対象物件内で、散歩をさせないこと,"ペット, 動物, 細則, 飼育",
ペット飼育細則,5,（遵守事項 ）,1項,四,バルコニー等共用部分で給餌、排尿、排便、ブラッシング、抜け毛の処理等をしないこと,"バルコニー, ベランダ, ペット, 動物, 専用庭, 細則, 飼育",
ペット飼育細則,5,（遵守事項 ）,1項,五,ペットが犬の場合、狂犬病予防法で定められた予防注射 ・登録を確実に行い、理事長に届け出ること,"ペット, 動物, 細則, 飼育",
ペット飼育細則,5,（遵守事項 ）,1項,六,ペット飼育に関する理事長からの通知、勧告に従うこと,"ペット, 動物, 細則, 飼育",
ペット飼育細則,5,（遵守事項 ）,1項,七,入浴、ブラッシングは、住戸内で行わせるとともに、脱毛による排水管詰まりに注意すること,"ペット, 動物, 細則, 飼育",
ペット飼育細則,5,（遵守事項 ）,1項,八,排泄行為は、住戸内で行わせるとともに、臭気が外部に漏れないよう注意すること,"ペット, 動物, 細則, 飼育",
ペット飼育細則,5,（遵守事項 ）,1項,九,鳴き声等で他に迷惑をかけないよう注意すること,"ペット, 動物, 細則, 飼育",
ペット飼育細則,5,（遵守事項 ）,1項,十,ペット（犬又は猫）が子供を産んだ場合、その子供の処置については、１週間以内に理事長に届け出ること十一 ペット足洗い場で、足以外のシャワー、シャンプー、ブラッシング、トリミングを行わないこと十二 その他、他の居住者及び近隣住民に迷惑を与えたり、不快の念を抱かせる行為を行わないとともに、清潔な環境を守るよう努力すること,"ペット, 動物, 細則, 飼育",
ペット飼育細則,6,（損害賠償 ）,1項,,ペットが引き起こした事故、汚損、破損等は、当該ペット飼育者の責任と負担において処理解決しなければならない。,"ペット, 動物, 細則, 飼育",
ペット飼育細則,6,（損害賠償 ）,2項,,当該ペットが特定できないときは、第９条に定める飼育委員会の責任と負担において処理、解決しなければならない。,"ペット, 動物, 細則, 飼育",
ペット飼育細則,7,（許可の取消 ）,1項,,理事長は、次の各号に掲げる行為があったときは、飼育者に対し、飼育改善勧告又は飼育許可の取消を行うことができる。,"ペット, 動物, 細則, 飼育",
ペット飼育細則,7,（許可の取消 ）,1項,一,飼育者が本細則の規定に反する行為をしたとき,"ペット, 動物, 細則, 飼育",
ペット飼育細則,7,（許可の取消 ）,1項,二,５住戸以上から飼育中止の要請があったとき 三 飼育改善勧告に従わないとき,"ペット, 動物, 細則, 飼育",
ペット飼育細則,8,（許可取消の効果 ）,,,前条により理事長から飼育許可を取り消された飼育者は、取り消された日より２週間以内に飼育を中止しなければならない。,"ペット, 動物, 細則, 飼育",
ペット飼育細則 附則,9,（飼育委員会 ）,1項,,飼育者は、全員で飼育委員会を組織し、他の居住者に迷惑を与えない飼育方法等の研修並びに飼育者相互の親睦を図るとともに、ペットの飼育をめぐり、居住者間に紛争等が生じたときは、その調整及び解決に努める。,"ペット, 動物, 細則, 飼育",
ペット飼育細則 附則,9,（飼育委員会 ）,2項,,飼育委員会の組織・業務・運営等については、別に飼育委員会規定を定めることができる。,"ペット, 動物, 細則, 飼育",
ペット飼育細則,附則1,（効力発生 ）,,,本細則は、対象物件管理規約発効の日から施行する。,"ペット, 動物, 細則, 飼育",
ペット飼育細則,附則2,（改廃）,1項,,本細則の改廃は、総会の決議により行う。,"ペット, 動物, 細則, 飼育",
宅配ボックス使用細則,1,（使用の原則 ）,1項,,本ボックスは、居住者の不在時に、各種宅配小荷物を居住者に代わって受け取り、一時保管するためのものであるため、居住者の在宅時には使用できないものとする。,"使用細則, 宅配ボックス, 荷物受取",
宅配ボックス使用細則,1,（使用の原則 ）,2項,,本ボックスを使用する場合は、取扱説明書等を熟読し、記載事項を遵守して使用するものとする。,"使用細則, 宅配ボックス, 荷物受取",
宅配ボックス使用細則,1,（使用の原則 ）,3項,,本ボックスの使用可能時間は、預け入れ及び取り出しとともに終日とする。ただし、点検等により一時使用できない場合がある。,"使用細則, 宅配ボックス, 荷物受取",
宅配ボックス使用細則,2,（使用の拒否 ）,1項,,本ボックスの使用目的がいずれかに該当する場合は、管理組合はその使用を認めないものとする。,"使用細則, 宅配ボックス, 荷物受取",
宅配ボックス使用細則,2,（使用の拒否 ）,1項,一,公序良俗を乱すおそれがある場合二 営利活動を目的とする場合三居住者等以外が使用する場合,"使用細則, 宅配ボックス, 荷物受取",
宅配ボックス使用細則,2,（使用の拒否 ）,1項,四,管理運営上、支障をきたすおそれがある場合及び前各号に準ずるものと管理組合が認めた場合,"使用細則, 宅配ボックス, 荷物受取",
宅配ボックス使用細則,2,（使用の拒否 ）,2項,,前項の場合、管理組合は本ボックスを使用中であっても、この使用を中止させることができる。,"使用細則, 宅配ボックス, 荷物受取",
宅配ボックス使用細則,3,（承認事項 ）,1項,,本ボックスは、宅配物が集中したときは使用できない場合があることを承認するものとする。,"使用細則, 宅配ボックス, 荷物受取",
宅配ボックス使用細則,3,（承認事項 ）,2項,,居住者が長期間留守にする場合は、事前に理事長に届け出るものとする。,"使用細則, 宅配ボックス, 荷物受取",
宅配ボックス使用細則,3,（承認事項 ）,3項,,次の各号に定める事項を遵守することで、管理組合は置き配を認めるものとする。,"使用細則, 宅配ボックス, 荷物受取",
宅配ボックス使用細則,3,（承認事項 ）,3項,一,置き配場所は置き配利用者の玄関扉周辺に限るものとし、通行や避難の妨げにならないこと。,"使用細則, 宅配ボックス, 荷物受取",
宅配ボックス使用細則,3,（承認事項 ）,3項,二,大型、大量、不衛生、臭気を発するなど、他の居住者に迷惑及び不快感を与えない宅配便であること。,"使用細則, 宅配ボックス, 荷物受取",
宅配ボックス使用細則,3,（承認事項 ）,3項,三,置き配は24時間以内に引き取ること。,"使用細則, 宅配ボックス, 荷物受取",
宅配ボックス使用細則,3,（承認事項 ）,3項,四,宅配の誤配、遅延、紛失、盗難、破損、汚損、その他の損害が発生した場合、管理組合及び管理会社は一切の責任を負わず、置き配利用者の責任と負担で原状回復を行うこと。,"使用細則, 宅配ボックス, 荷物受取",
宅配ボックス使用細則,3,（承認事項 ）,3項,五,宅配物に起因する共用部分の毀損等は、置き配利用者の責任と負担で原状回復を行うこと。,"使用細則, 宅配ボックス, 荷物受取",
宅配ボックス使用細則,3,（承認事項 ）,3項,六,置き配に起因する近隣住戸等とのトラブルは置き配利用者の責任で対応すること。,"使用細則, 宅配ボックス, 荷物受取",
宅配ボックス使用細則,3,（承認事項 ）,3項,七,その他、置き配の利用や配達物のトラブル等は、置き配利用者が一切の責任を負うこと。,"使用細則, 宅配ボックス, 荷物受取",
宅配ボックス使用細則,4,（保管の制限 ）,1項,,次の各号に掲げる物品は、本ボックスに保管してはならない。,"使用細則, 宅配ボックス, 荷物受取",
宅配ボックス使用細則,4,（保管の制限 ）,1項,一,寸法が本ボックス内寸を超えるもの,"使用細則, 宅配ボックス, 荷物受取",
宅配ボックス使用細則,4,（保管の制限 ）,1項,二,動物等生き物,"使用細則, 宅配ボックス, 荷物受取",
宅配ボックス使用細則,4,（保管の制限 ）,1項,三,劇薬及び悪臭を発するもの、発火、引火、爆発等のおそれのある危険物,"使用細則, 宅配ボックス, 荷物受取",
宅配ボックス使用細則,4,（保管の制限 ）,1項,四,現金及び株券等有価証券類、宝石、貴金属類,"使用細則, 宅配ボックス, 荷物受取",
宅配ボックス使用細則,4,（保管の制限 ）,1項,五,犯罪の用に供されるおそれのあるもの六 生鮮食品、その他腐敗しやすいもの,"使用細則, 宅配ボックス, 荷物受取",
宅配ボックス使用細則,4,（保管の制限 ）,1項,七,封書・葉書類,"使用細則, 宅配ボックス, 荷物受取",
宅配ボックス使用細則,4,（保管の制限 ）,1項,八,販売サンプル等、受取人の特定できないもの,"使用細則, 宅配ボックス, 荷物受取",
宅配ボックス使用細則,4,（保管の制限 ）,1項,九,本ボックスを汚損又は破損するおそれがあるもの,"使用細則, 宅配ボックス, 荷物受取",
宅配ボックス使用細則,4,（保管の制限 ）,1項,十,その他保管に適さないと認められるもの,"使用細則, 宅配ボックス, 荷物受取",
宅配ボックス使用細則,5,（保管期限 ）,,,保管期限は、保管開始の日から３日間とする。,"使用細則, 宅配ボックス, 荷物受取",
宅配ボックス使用細則,6,（保管物の処置 ）,1項,,次に掲げる場合には、対象物件の理事長又は管理受託者（以下「理事長等」という。）は、本ボックスを開扉の上、保管物の開梱、廃棄など適当な措置をとることができる。,"使用細則, 宅配ボックス, 荷物受取",
宅配ボックス使用細則,6,（保管物の処置 ）,1項,一,保管物が第２条、第４条の各号に該当する疑いのあるとき,"使用細則, 宅配ボックス, 荷物受取",
宅配ボックス使用細則,6,（保管物の処置 ）,1項,二,保管期限が経過したにもかかわらず、保管物の引き取りがないとき,"使用細則, 宅配ボックス, 荷物受取",
宅配ボックス使用細則,6,（保管物の処置 ）,2項,,前項の場合、居住者は該当処置について理事長等に対して損害賠償の請求、その他の異議を申し立てることはできないものとする。,"使用細則, 宅配ボックス, 荷物受取",
宅配ボックス使用細則,7,（清掃のための開扉 ）,,,理事長等は、定期期間ごとに本ボックスの開扉の上、清 掃・点検を行うことができる。,"使用細則, 宅配ボックス, 荷物受取",
宅配ボックス使用細則,8,（破損等による損害賠償 ）,,,居住者が故意又は過失により本ボックスを破損した場合には、当該居住者がその損害を賠償する責を負うものとする。,"使用細則, 宅配ボックス, 荷物受取",
宅配ボックス使用細則 附則,9,（免責事項 ）,,,管理組合及び理事長等は、宅配物の代理受領及び本ボックスの管理方法について、故意又は重大な過失がない限り、居住者等に対しその損害について負担しないものとする。,"使用細則, 宅配ボックス, 荷物受取",
宅配ボックス使用細則,附則1,（効力発生 ）,,,本細則は、対象物件管理規約発効の日から施行する。,"使用細則, 宅配ボックス, 荷物受取",
宅配ボックス使用細則,附則2,（改廃）,1項,,本細則の改廃は、総会の決議により行う。,"使用細則, 宅配ボックス, 荷物受取",
宅配ボックス使用細則,附則2,（改廃）,2項,,本細則に定めのない事項については、理事会で協議し決定する。,"使用細則, 宅配ボックス, 荷物受取",
防犯カメラ運用細則,1,（目的）,,,防犯カメラは、組合員、居住者の防犯、犯罪の予防及び管理組合の財産の維持保全に資することを目的として設置し、運用、管理に当たってはプライバシーに十分配慮するものとする。,"監視, 防犯, 防犯カメラ",
防犯カメラ運用細則,2,（閲覧）,1項,,管理組合は、次の各号の何れかに該当する場合は、所定の申請書及び誓約書（別記様式１２）に必要事項を記入の上、管理組合理事長に提出し、理事会の決議を経て、防犯カメラの記録映像を閲覧することができるものとする。ただし、理事会の決議を経る時間的余裕がないときは、理事長の判断により閲覧することができるものとする。この場合理事長は、事後速やかに理事会に報告しなければならない。尚、閲覧の際は、誓約事項を遵守するものとする。,"監視, 防犯, 防犯カメラ",
防犯カメラ運用細則,2,（閲覧）,1項,一,犯罪行為、汚損・毀損行為が発生した場合,"監視, 防犯, 防犯カメラ",
防犯カメラ運用細則,2,（閲覧）,1項,二,前号の行為の予防保全措置を講じる必要性が極めて高いと認められる場合,"監視, 防犯, 防犯カメラ",
防犯カメラ運用細則,2,（閲覧）,1項,三,警察から要請があった場合,"監視, 防犯, 防犯カメラ",
防犯カメラ運用細則,2,（閲覧）,1項,四,理事会が必要と認めた場合,"監視, 防犯, 防犯カメラ",
防犯カメラ運用細則,3,（立会い ）,1項,,管理組合は、防犯カメラの記録映像を閲覧しようとする場合は、事件又は事故関係者、複数の理事、警察官（要請があった場合に限る。）に、立会いをさせなければならない。,"監視, 防犯, 防犯カメラ",
防犯カメラ運用細則,3,（立会い ）,2項,,前項の立会者は、映像内容及び関連情報について、守秘義務を負うものとする。,"監視, 防犯, 防犯カメラ",
防犯カメラ運用細則,4,（貸与）,1項,,管理組合は、警察及び公的機関から記録映像の貸与を求められた場合は、理事会の決議を経なければならない。,"監視, 防犯, 防犯カメラ",
防犯カメラ運用細則,4,（貸与）,2項,,前項の場合において、管理組合は、貸与の相手方に対し、記録映像の利用目的、貸与期間、第三者利用の制限、返却方法等を書面に記載して提出するよう求めるものとする。,"監視, 防犯, 防犯カメラ",
防犯カメラ運用細則,5,（保存、取扱い ）,,,管理組合は、記録映像を７日間保存するものとし、この期間が経過したときは、消去するものとする。ただし、特に必要な場合は、この限りではない。,"監視, 防犯, 防犯カメラ",
防犯カメラ運用細則,6,（保守）,1項,,管理組合は、防犯カメラの機器、記録映像を適正に管理するものとする。,"監視, 防犯, 防犯カメラ",
防犯カメラ運用細則,6,（保守）,2項,,管理組合は、前項の業務を第三者に委託する場合は、適切な管理が確保される旨を書面で定めるものとする。,"監視, 防犯, 防犯カメラ",
防犯カメラ運用細則,6,（保守）,3項,,管理組合又は管理会社は、防犯カメラの機器が故障や事故によって、監視や録画等がされていない場合でも責任を負わないものとする。,"監視, 防犯, 防犯カメラ",
防犯カメラ運用細則,7,（使用細則の効力及び遵守義務 ）,1項,,本細則は、組合員の包括承継人及び特定承継人に対しても、その効力を有する。,"使用細則, 監視, 防犯, 防犯カメラ",
防犯カメラ運用細則,7,（使用細則の効力及び遵守義務 ）,2項,,占有者は、組合員が本細則に基づいて負う義務と同一の義務を負うものとし、同居する者に対しても本細則に定める事項を遵守させなければならない。,"使用細則, 監視, 防犯, 防犯カメラ",
防犯カメラ運用細則,附則1,（効力発生 ）,,,本細則は、対象物件管理規約発効の日から施行する。,"監視, 防犯, 防犯カメラ",
防犯カメラ運用細則,附則2,（改廃）,1項,,本細則の改廃は、総会の決議により行う。,"監視, 防犯, 防犯カメラ",
防犯カメラ運用細則,附則2,（改廃）,2項,,本細則に定めのない事項については、理事会で協議し決定する。,"監視, 防犯, 防犯カメラ",
防火管理細則,1,（目的）,,,プレサンス ロジェ 岐阜 長良橋通り管理組合 （以下「管理組合」という。）は、プレサンスロジェ 岐阜 長良橋通り（以下「対象物件」という。）管理規約第１９条及び第４４条に基づき、区分所有者、その同居人、専有部分の貸与を受けた者並びにその同居人（以下「区分所有者等」という。）の快適な共同生活を維持するため、管理組合の防火管理の適正な運用確保について、必要な事項を定める。,"消防, 火災, 防火",
防火管理細則,2,（防火管理委員会 ）,,,管理組合における防火管理の適正な運用を図るため、理事会に防火管理委員会（以下「委員会」という。）を設置する。委員会の委員長は、管理組合理事長があたり、委員は、理事会の理事及び監事並びに防火管理に必要な区分所有者等をもって構成し、委員長がこれを統括する。,"消防, 火災, 防火",
防火管理細則,3,（委員会の開催 ）,1項,,委員会は定例委員会及び臨時委員会とし、委員長が招集する。,"消防, 火災, 防火",
防火管理細則,3,（委員会の開催 ）,1項,一,定例委員会は、原則年１回開催する。 二 臨時委員会は、防火管理上の必要に応じて、都度開催する。,"消防, 火災, 防火",
防火管理細則,4,（委員会の任務 ）,1項,,委員会の任務は、次の各号に掲げる事項とする。,"消防, 火災, 防火",
防火管理細則,4,（委員会の任務 ）,1項,一,消防計画の作成及びその実施に関する審議,"消防, 火災, 防火",
防火管理細則,4,（委員会の任務 ）,1項,二,区分所有者等に対する消防訓練の実施（１回／年）,"消防, 火災, 防火",
防火管理細則,4,（委員会の任務 ）,1項,三,防火管理の普及及び防火管理業務の効果の検討,"消防, 火災, 防火",
防火管理細則,4,（委員会の任務 ）,1項,四,消防用設備等の改善、改修についての審議五 自衛消防隊の編成,"消防, 火災, 防火",
防火管理細則,5,（防火管理権原者 ）,,,防火管理委員長は、法令上の管理権原者であって、防火管理に関する根源的な義務と責任を負うと共に、防火管理者を指揮監督する義務を負う。,"消防, 火災, 防火",
防火管理細則,6,（防火管理者の任命等 ）,1項,,防火管理者の任命は、次の各号に掲げるとおりとする。,"消防, 火災, 防火",
防火管理細則,6,（防火管理者の任命等 ）,1項,一,防火管理委員長は、防火管理担当理事を、消防法第８条に定める防火管理者に任命する,"消防, 火災, 防火",
防火管理細則,6,（防火管理者の任命等 ）,1項,二,防火管理委員長は、毎年、選出された防火管理担当理事に防火管理の講習を受講させ、防火管理者の資格を取得させるものとする,"消防, 火災, 防火",
防火管理細則,6,（防火管理者の任命等 ）,1項,三,前号の講習参加費用及び防火管理者としての活動費並びに消防訓練等消防計画の実施に要する費用等は、管理組合の管理費会計より支出する,"消防, 火災, 管理費, 費用負担, 防火",
防火管理細則,6,（防火管理者の任命等 ）,1項,四,防火管理者の任期は１年とする。但し、再任を妨げない,"消防, 火災, 防火",
防火管理細則,7,（防火管理者の業務 ）,1項,,防火管理者の業務は、次の各号に掲げる事項とする。,"消防, 火災, 防火",
防火管理細則,7,（防火管理者の業務 ）,1項,一,消防計画の提出,"消防, 火災, 防火",
防火管理細則,7,（防火管理者の業務 ）,1項,二,区分所有者等に対する消防訓練参加の呼びかけ,"消防, 火災, 防火",
防火管理細則,7,（防火管理者の業務 ）,1項,三,共用部分における消防用設備、避難施設等の点検及び維持管理,"消防, 火災, 防火",
防火管理細則,7,（防火管理者の業務 ）,1項,四,避難経路確保のための監督（建物内外の整理整頓）,"消防, 火災, 防火",
防火管理細則,7,（防火管理者の業務 ）,1項,五,区分所有者等への火災予防対策及び火災発生時に近隣者が行うべき行動の呼びかけ,"消防, 火災, 防火",
防火管理細則,7,（防火管理者の業務 ）,1項,六,消防署から配布された広報誌等の回覧及び管理,"消防, 火災, 防火",
防火管理細則,7,（防火管理者の業務 ）,1項,七,その他、防火管理に関する必要な事項,"消防, 火災, 防火",
防火管理細則,8,（消防用設備等の点検及び報告 ）,1項,,第７条第１項第三号に定める消防用設備等の点検については、点検設備業者に委託して行うことができるものとし、この場合、防火管理者はその結果を受け、委員会に報告する。,"消防, 火災, 防火",
防火管理細則,8,（消防用設備等の点検及び報告 ）,2項,,防火管理者は、消防用設備等の点検結果報告書等の整理及び管理を行うものとする。,"消防, 火災, 防火",
防火管理細則,9,（自衛消防隊 ）,,,自衛消防隊は、火災等の災害が発生した場合の確実な１１９番通報が行われるよう、また、消防隊が到着するまでの間、消防用設備を使用して、迅速かつ的確に人命保護と災害の拡大防止の措置がとれるよう、日頃から防災訓練を繰り返し行い、活動要領を身につけるものとする。,"消防, 火災, 防火",
防火管理細則,10,（区分所有者等が行う防火管理 ）,1項,,区分所有者等は、消防計画の実施に協力するとともに、自己の責任において、次の各号に掲げる対策を行う。,"消防, 火災, 防火",
防火管理細則,10,（区分所有者等が行う防火管理 ）,1項,一,住戸内における火気管理及び避難通路の把握,"消防, 火災, 防火",
防火管理細則,10,（区分所有者等が行う防火管理 ）,1項,二,避難経路確保のための、ベランダにおける避難障害となる物件の除去 三 階段・通路等の共用部分における可燃物及び避難障害となる物件の除 去,"バルコニー, ベランダ, 専用庭, 消防, 火災, 防火",
防火管理細則,附則1,（効力発生 ）,,,本細則は、対象物件管理規約発効の日から施行する。,"消防, 火災, 防火",
防火管理細則,附則2,（改廃）,1項,,本細則の改廃は、総会の決議により行う。,"消防, 火災, 防火",
防火管理細則,附則2,（改廃）,2項,,本細則に定めのない事項については、理事会で協議し決定する。,"消防, 火災, 防火",
入居者名簿作成・運用・保管細則,1,（名簿の作成、利用の目的 ）,1項,,理事長は、名簿を次の各号に掲げる目的のために利用するものとし、他の目的に供してはならない。,"個人情報, 入居者情報, 名簿",
入居者名簿作成・運用・保管細則,1,（名簿の作成、利用の目的 ）,1項,一,総会の通知 （開催、決議事項等）,"個人情報, 入居者情報, 名簿",
入居者名簿作成・運用・保管細則,1,（名簿の作成、利用の目的 ）,1項,二,理事会の通知（開催、決議事項等）,"個人情報, 入居者情報, 名簿",
入居者名簿作成・運用・保管細則,1,（名簿の作成、利用の目的 ）,1項,三,管理規約第３４条に定める管理組合の業務遂行,"個人情報, 入居者情報, 名簿",
入居者名簿作成・運用・保管細則,1,（名簿の作成、利用の目的 ）,1項,四,管理規約第３５条に定める管理組合業務の全部又は一部をマンション管理業者等に委託し、又は請け負わせる場合,"個人情報, 入居者情報, 名簿",
入居者名簿作成・運用・保管細則,1,（名簿の作成、利用の目的 ）,1項,五,その他理事会が必要と判断した業務,"個人情報, 入居者情報, 名簿",
入居者名簿作成・運用・保管細則,2,（名簿掲載情報 ）,1項,,名簿に掲載する情報は、次の各号に掲げるものとする。,"個人情報, 入居者情報, 名簿",
入居者名簿作成・運用・保管細則,2,（名簿掲載情報 ）,1項,一,部屋番号,"個人情報, 入居者情報, 名簿",
入居者名簿作成・運用・保管細則,2,（名簿掲載情報 ）,1項,二,組合員及び占有者の氏名,"個人情報, 入居者情報, 名簿",
入居者名簿作成・運用・保管細則,2,（名簿掲載情報 ）,1項,三,組合員及び占有者の同居人氏名四 組合員及び占有者の住所,"個人情報, 入居者情報, 名簿",
入居者名簿作成・運用・保管細則,2,（名簿掲載情報 ）,1項,五,組合員及び占有者の連絡先（電話番号、電子メール等 ）,"個人情報, 入居者情報, 名簿",
入居者名簿作成・運用・保管細則,3,（名簿情報の取得 ）,,,名簿に掲載する情報は、規約第３３条に基づく届出によるものとする。,"個人情報, 入居者情報, 名簿",
入居者名簿作成・運用・保管細則,4,（名簿の作成、更新 ）,1項,,理事長は、前条により取得された情報を基に名簿を作成又は更新することができる。,"個人情報, 入居者情報, 名簿",
入居者名簿作成・運用・保管細則,4,（名簿の作成、更新 ）,2項,,前項にかかわらず、理事長は、名簿を更新する必要性があると判断した場合は、理事会の決議を経て、調査し更新することができるものとする。,"個人情報, 入居者情報, 名簿",
入居者名簿作成・運用・保管細則,5,（名簿の管理、保管 ）,,,理事長は、名簿原本を管理事務室書庫に施錠の上、厳重に管理するものとし機密保持のため、写しは作成しないものとする。,"個人情報, 入居者情報, 名簿",
入居者名簿作成・運用・保管細則,6,（名簿の閲覧 ）,1項,,理事長は、組合員又は利害関係人の理由を付した書面による閲覧請求があった場合は、閲覧を拒否する正当な理由がある場合を除いて、閲覧させなければならない。この場合において、理事長は閲覧につき、相当の日時、場所等を指定することができる。,"個人情報, 入居者情報, 名簿",
入居者名簿作成・運用・保管細則,6,（名簿の閲覧 ）,2項,,前項により名簿を閲覧する者は、閲覧した情報について閲覧の目的以外にこれを利用してはならない。,"個人情報, 入居者情報, 名簿",
入居者名簿作成・運用・保管細則,7,（使用細則の効力及び遵守義務 ）,1項,,本細則は、組合員の包括承継人及び特定承継人に対しても、その効力を有する。,"使用細則, 個人情報, 入居者情報, 名簿",
入居者名簿作成・運用・保管細則,7,（使用細則の効力及び遵守義務 ）,2項,,占有者は、組合員が本細則に基づいて負う義務と同一の義務を負うものとし、同居する者に対しても本細則に定める事項を遵守させなければならない。- 95 -  附 則,"使用細則, 個人情報, 入居者情報, 名簿",
入居者名簿作成・運用・保管細則,附則1,（効力発生 ）,,,本細則は、対象物件管理規約発効の日から施行する。,"個人情報, 入居者情報, 名簿",
入居者名簿作成・運用・保管細則,附則2,（改廃）,1項,,本細則の改廃は、総会の決議により行う。,"個人情報, 入居者情報, 名簿",
入居者名簿作成・運用・保管細則,附則2,（改廃）,2項,,本細則に定めのない事項については、理事会で協議し決定する。,"個人情報, 入居者情報, 名簿",
